id,revenue
3001,48509862.40994878
3002,0.0
3003,22093837.708607122
3004,771245.6793525219
3005,0.0
3006,16826219.553392753
3007,12174993.009343117
3008,99126473.0486601
3009,57748320.61288811
3010,278376727.8721883
3011,0.0
3012,0.0
3013,31706375.535085373
3014,0.0
3015,92755996.10216674
3016,0.0
3017,127887059.59921044
3018,230769292.9149009
3019,5459631.037905648
3020,570925466.8905095
3021,79333859.046823
3022,85970308.9772942
3023,0.0
3024,62350228.59760246
3025,0.0
3026,101276628.3263644
3027,39254722.369938694
3028,121000777.76482862
3029,0.0
3030,82298810.4481565
3031,26278635.224703625
3032,24069963.04740233
3033,0.0
3034,0.0
3035,10519055.936904311
3036,13023469.22510539
3037,70305863.95821522
3038,56840898.65381356
3039,50184794.70326969
3040,0.0
3041,27189322.731375597
3042,0.0
3043,17146246.077602357
3044,20855586.341707274
3045,396135321.09248114
3046,167407.32355438173
3047,0.0
3048,30429614.345075443
3049,0.0
3050,32388930.991031475
3051,0.0
3052,57281610.83572483
3053,0.0
3054,28744673.913894236
3055,108401945.1041812
3056,0.0
3057,125014800.3463077
3058,535869202.4964806
3059,8870518.425890982
3060,138828905.95808342
3061,73259236.23679456
3062,55390000.70259011
3063,38386442.10686597
3064,183959169.33448
3065,69661638.1923328
3066,126349291.86002108
3067,15905866.567244023
3068,64309653.59429256
3069,389158564.7928295
3070,2192282.14896217
3071,17739804.788557276
3072,466287787.6191952
3073,4309628.145492554
3074,0.0
3075,54289888.65704716
3076,175410282.22930476
3077,23642986.633335568
3078,94343719.10909137
3079,70599971.38522942
3080,157919579.65665117
3081,13972273.220305718
3082,16165979.123656578
3083,33512923.968706697
3084,7434877.07152079
3085,46544758.774988204
3086,111913001.27171297
3087,0.0
3088,4979331.584821463
3089,0.0
3090,62976135.772408865
3091,81011262.4790784
3092,3887952.3729462177
3093,235019314.6112185
3094,149963674.157375
3095,86132158.89194942
3096,889362.1694952548
3097,715002234.9837818
3098,30258605.722033218
3099,96960185.4679471
3100,0.0
3101,13489050.506198257
3102,13467311.207426287
3103,0.0
3104,0.0
3105,211853947.32339782
3106,207455956.52129054
3107,45926064.301869914
3108,29313247.2195507
3109,16868766.997243106
3110,415183596.76039916
3111,6779106.094906151
3112,0.0
3113,32485490.907954358
3114,39961289.02746026
3115,53097500.440554656
3116,21063325.213280074
3117,0.0
3118,0.0
3119,304737396.5437485
3120,253739822.85812682
3121,0.0
3122,15759723.326634899
3123,25039947.67838344
3124,18836757.29341592
3125,0.0
3126,51263195.590697676
3127,7023155.523830451
3128,61092711.16517541
3129,123866920.08019984
3130,20890243.977104455
3131,0.0
3132,16149731.300808094
3133,43983672.711358756
3134,13884576.00874132
3135,7120785.0236135945
3136,7698406.155765325
3137,254913185.932321
3138,0.0
3139,55712573.47929859
3140,87111056.4036988
3141,25791671.03157495
3142,0.0
3143,201086546.7442243
3144,58970244.78465159
3145,38774936.010669
3146,19046636.913142763
3147,32998674.162572034
3148,6285977.168122411
3149,128729507.23214209
3150,140945664.70418066
3151,0.0
3152,16646205.532460839
3153,20287522.82713309
3154,19457460.28155417
3155,36735632.72217095
3156,37108063.4306277
3157,28126702.465816908
3158,126746754.1646195
3159,33623472.927009985
3160,7069827.407888792
3161,0.0
3162,0.0
3163,61993783.68175354
3164,0.0
3165,0.0
3166,0.0
3167,102686498.84996048
3168,0.0
3169,16599709.130488798
3170,22759880.49680812
3171,26154662.345867023
3172,69010529.67871244
3173,0.0
3174,145296.0856360495
3175,10028869.216926843
3176,47677436.50623253
3177,79823504.978989
3178,0.0
3179,0.0
3180,13109907.404391505
3181,0.0
3182,181061365.1158048
3183,34432793.93950138
3184,10208057.652102537
3185,177316936.87935725
3186,80818730.96388558
3187,2528088.8626510203
3188,15734030.686416082
3189,108038406.72268604
3190,33554499.695858136
3191,27276920.650026284
3192,31751011.25719954
3193,172701125.16042984
3194,80573072.70265624
3195,0.0
3196,8886670.240716398
3197,40566094.84314
3198,165184070.43593198
3199,279640611.7411399
3200,35160126.843948215
3201,24666339.575950734
3202,28929241.1641407
3203,0.0
3204,786069.0997068435
3205,0.0
3206,12760579.480848074
3207,60940239.16982616
3208,13838539.969763905
3209,13245940.361370586
3210,404114770.9482865
3211,0.0
3212,85877469.5814627
3213,91903035.27625659
3214,0.0
3215,3878264.841721624
3216,29665693.991874173
3217,363170539.34797966
3218,28400103.191398956
3219,10219678.407824337
3220,93657052.37258741
3221,0.0
3222,3338214.666321531
3223,14505890.627454437
3224,4986252.134569198
3225,20869841.190556876
3226,15940788.151141703
3227,137564369.7057398
3228,252235726.77669787
3229,173303382.39542505
3230,26588994.927511632
3231,46399353.12617991
3232,48256748.66379164
3233,30025693.86396113
3234,0.0
3235,8344785.711398698
3236,0.0
3237,31875105.571772613
3238,16250381.23406031
3239,0.0
3240,328369874.47531843
3241,1682965.3395531923
3242,0.0
3243,0.0
3244,0.0
3245,23570634.692120127
3246,89720995.23243129
3247,42600937.30935679
3248,97103689.61805849
3249,84112719.10074906
3250,376684550.5623058
3251,0.0
3252,29850443.72410296
3253,33052016.054803498
3254,0.0
3255,0.0
3256,56846974.6256972
3257,17913854.257606104
3258,43033670.947261594
3259,58035283.62535171
3260,2848425.7054655254
3261,360739391.986132
3262,92119015.90741856
3263,0.0
3264,0.0
3265,0.0
3266,0.0
3267,36048206.667410165
3268,0.0
3269,63527315.177434
3270,111186405.78246611
3271,7688908.744994216
3272,46195234.30480973
3273,36087270.64174706
3274,311058690.0064986
3275,0.0
3276,3200777.49053289
3277,21381031.655705422
3278,134078638.4468224
3279,25402502.06248714
3280,366174342.052123
3281,0.0
3282,0.0
3283,411592573.9213228
3284,51775850.6105743
3285,72089654.07570095
3286,5035812.420048803
3287,6954302.185682103
3288,19154019.627873942
3289,68109960.94237013
3290,98011655.05007347
3291,53262369.5666326
3292,188376934.26757038
3293,105836012.12731117
3294,209442.1775019467
3295,24194372.584881112
3296,0.0
3297,22895485.894947603
3298,116909975.0564563
3299,5929036.759931684
3300,4831464.226589829
3301,0.0
3302,26644144.37706107
3303,0.0
3304,13922957.690153234
3305,37874081.20061204
3306,0.0
3307,63325558.17024064
3308,57925666.096327096
3309,5825865.27978114
3310,15372816.294912994
3311,30507976.126891382
3312,0.0
3313,101515301.30002362
3314,10014710.76881665
3315,160096589.3996669
3316,47890547.74972886
3317,6456813.588905081
3318,0.0
3319,3075400.510408327
3320,26341713.545514956
3321,22577153.604209647
3322,13514276.06426996
3323,154276475.8047443
3324,0.0
3325,143843577.93226776
3326,221491233.69958323
3327,72410757.28646389
3328,54563730.42042672
3329,0.0
3330,156315142.53411788
3331,14342766.812798932
3332,59512947.69942571
3333,288623044.14409685
3334,13700740.97873643
3335,111449578.91566066
3336,29297507.80802063
3337,0.0
3338,16837086.04258775
3339,957758.7242866755
3340,106397594.84611994
3341,15692560.334813178
3342,65997121.283256315
3343,66116270.228022106
3344,0.0
3345,14311369.196657628
3346,71228388.28592175
3347,0.0
3348,90688491.68662083
3349,89348798.31052946
3350,194097456.02077383
3351,78169418.2543001
3352,37613853.248726115
3353,82899642.0158208
3354,3173315.146965146
3355,0.0
3356,844743.0360383242
3357,0.0
3358,6840385.09473975
3359,107238318.74693516
3360,26637669.16330467
3361,186962208.51413345
3362,26459584.41098109
3363,32190783.426146038
3364,31873897.45148638
3365,0.0
3366,161027064.28238946
3367,150573802.37371653
3368,0.0
3369,59838851.554015845
3370,41402350.026935026
3371,63049274.316768534
3372,81793434.31221361
3373,43494010.31390801
3374,51835543.94015081
3375,130352542.7143628
3376,63097311.0718941
3377,610267.2990095466
3378,34018479.25245646
3379,232427514.7631523
3380,80137696.49332716
3381,0.0
3382,1204736.7155391425
3383,5043816.175807357
3384,76228261.70692076
3385,126696438.72243762
3386,7334346.424542315
3387,37923697.687570296
3388,173428203.5114587
3389,573962501.7917236
3390,0.0
3391,32908963.41419389
3392,17139626.32351706
3393,11538592.422301538
3394,161402903.32717806
3395,136379224.30497426
3396,2311413.627859369
3397,0.0
3398,269066161.21111166
3399,133555647.61563012
3400,24766602.98147537
3401,0.0
3402,0.0
3403,385659554.73832375
3404,11389227.14325086
3405,37803336.03591146
3406,213627173.964275
3407,310622296.76546013
3408,57867768.63452077
3409,20944738.287135035
3410,59185365.2901018
3411,101768581.00935192
3412,45677077.20358333
3413,159386665.2056454
3414,0.0
3415,38086026.65442629
3416,87223952.12208286
3417,92181476.23499903
3418,30736698.52869282
3419,341897855.30279976
3420,9694174.27884677
3421,35126250.58005945
3422,23416007.162040055
3423,434632511.0275264
3424,0.0
3425,13070767.962968543
3426,31729164.87104579
3427,66244771.10939306
3428,0.0
3429,38775902.59354122
3430,535831455.8987324
3431,7126128.863547295
3432,22133767.198296286
3433,39263812.539217904
3434,23951246.163056485
3435,328416282.00644815
3436,221482989.8665704
3437,0.0
3438,23505890.556303047
3439,109302686.13602003
3440,93873173.27976246
3441,124810419.97182477
3442,0.0
3443,0.0
3444,0.0
3445,60620743.8171785
3446,5804352.2688900605
3447,3683376.329448357
3448,63429726.35546459
3449,3321797.6472866237
3450,83838314.93309757
3451,8083848.420023061
3452,36535637.51685445
3453,56130222.61040285
3454,86587035.1960662
3455,19603166.401641756
3456,133784219.5957683
3457,30647028.075022444
3458,49806127.7128918
3459,532709160.3394508
3460,44045585.08424962
3461,13174171.216631807
3462,37274076.48695642
3463,104606496.94865975
3464,0.0
3465,39087609.38706758
3466,77133921.24070767
3467,11233728.93708475
3468,120314627.29509844
3469,8174086.794053301
3470,0.0
3471,58610100.5056836
3472,0.0
3473,86246421.83331901
3474,42022406.59867918
3475,340495848.9909734
3476,0.0
3477,38644271.70847521
3478,0.0
3479,258151937.39294404
3480,21898900.49394785
3481,0.0
3482,0.0
3483,0.0
3484,0.0
3485,128498655.69088338
3486,173040272.24900082
3487,67300082.62442599
3488,105197618.46677332
3489,7851528.394290358
3490,68560220.40033446
3491,13999123.858358972
3492,33291459.264339305
3493,47487283.48799441
3494,11343721.33530353
3495,119853055.06066124
3496,0.0
3497,78339723.17288807
3498,43767440.69037226
3499,24119070.055878483
3500,0.0
3501,118146231.26083419
3502,64928939.8430608
3503,64597525.46606259
3504,120370597.86575565
3505,6257724.2541412115
3506,136207964.891334
3507,370375167.03820324
3508,12398459.62288075
3509,0.0
3510,42211363.8328495
3511,120403383.10484873
3512,210939974.13067138
3513,15741572.945589386
3514,14512182.78215637
3515,12971425.946857102
3516,23573777.71398876
3517,511468091.70336574
3518,21362576.46112506
3519,12917079.318238989
3520,0.0
3521,0.0
3522,18788503.138739586
3523,25868980.501462102
3524,96093254.66092962
3525,226888002.33150387
3526,59069210.21780235
3527,25248606.967740312
3528,49026744.33261791
3529,406667993.72681683
3530,138495773.6301939
3531,59972974.41483287
3532,62078663.79114927
3533,52680310.21874979
3534,21842479.22852175
3535,223414909.17119253
3536,30083927.95521301
3537,162387849.41892684
3538,21948217.45460161
3539,55864732.56435055
3540,76636926.20989601
3541,39931102.863112934
3542,43871171.89396751
3543,21582228.522974104
3544,86444824.79318388
3545,0.0
3546,0.0
3547,229414679.13581353
3548,487360271.76593167
3549,0.0
3550,318443224.77891904
3551,158415337.0250436
3552,55722963.39508443
3553,45421144.37935584
3554,258558831.68294203
3555,182546534.62498263
3556,79762377.65042226
3557,23773794.874571465
3558,210965276.14639187
3559,32144169.434342444
3560,0.0
3561,100688021.16273111
3562,225484.00740914047
3563,20138552.993552417
3564,9365370.713045359
3565,33614440.30746341
3566,63058751.94433447
3567,18758402.264860958
3568,0.0
3569,169054703.38728836
3570,0.0
3571,76586977.64799598
3572,250920595.18111658
3573,0.0
3574,48701875.24096865
3575,17884980.094500147
3576,57868755.60141437
3577,0.0
3578,57520933.97448805
3579,40261156.16153512
3580,43884640.521154135
3581,35626188.989100054
3582,140074551.7111987
3583,0.0
3584,26432949.16139491
3585,76832385.35010974
3586,39282866.587021396
3587,61760837.084767506
3588,3212224.2120244354
3589,27593572.848907404
3590,49149288.28646965
3591,467129500.75142795
3592,0.0
3593,2691359.6699371785
3594,14581859.743033051
3595,39697366.917074405
3596,69286806.90861128
3597,1877235.468927905
3598,81534091.04439193
3599,37023415.80881491
3600,11208211.8217524
3601,0.0
3602,4958796.760226563
3603,13002175.021413684
3604,11290749.637023084
3605,78075818.2960584
3606,20753587.393859327
3607,49883864.6911077
3608,211574850.83398807
3609,0.0
3610,52605042.321041495
3611,18103042.571492955
3612,0.0
3613,34231742.29431357
3614,135481493.67603987
3615,63253136.8747359
3616,7606000.419591546
3617,35807728.66590903
3618,109661245.72396156
3619,0.0
3620,156352191.55568677
3621,342862412.29827076
3622,191974022.31814787
3623,183214439.14556265
3624,0.0
3625,0.0
3626,41538483.63415368
3627,75606222.49047832
3628,288503919.90185916
3629,12767580.730754659
3630,0.0
3631,203129219.47956944
3632,10811545.503783464
3633,103644682.58210965
3634,0.0
3635,27161270.988405406
3636,54730582.6012178
3637,6742093.167158596
3638,41045470.04653093
3639,197425312.11707145
3640,384681053.60256255
3641,24525131.083491147
3642,7061833.287029475
3643,31107887.970957667
3644,1945707.5143283308
3645,55935473.758730054
3646,0.0
3647,66777035.859586865
3648,25078329.91506172
3649,10073531.953159764
3650,27012005.06033349
3651,527604114.58544135
3652,3757963.868143648
3653,187778948.60405505
3654,0.0
3655,54374029.50177483
3656,10519535.103697538
3657,0.0
3658,0.0
3659,121619953.39408237
3660,251848779.27719188
3661,44775740.17381658
3662,47862235.47983621
3663,398502547.57180417
3664,0.0
3665,0.0
3666,0.0
3667,132204419.08430752
3668,70686491.64609544
3669,11990849.81653253
3670,77917372.47761716
3671,29983863.082248412
3672,1578464.5271044075
3673,185396936.07543108
3674,8530704.729833528
3675,395370137.29499084
3676,109494591.99872571
3677,0.0
3678,62678327.43657444
3679,64319977.44115329
3680,39583045.182333216
3681,44328610.84732709
3682,276215083.9769877
3683,0.0
3684,122880061.52309051
3685,172046825.4647519
3686,6949659.780816585
3687,228328631.09741163
3688,0.0
3689,930547.7286693752
3690,177342080.8772679
3691,14997930.41541969
3692,0.0
3693,106467839.97480667
3694,109705512.12455589
3695,104024573.57800408
3696,16871509.5460561
3697,39665211.151696235
3698,74562892.20544346
3699,19445100.476594284
3700,31892493.822730884
3701,134490855.81345236
3702,0.0
3703,102443707.80687596
3704,81577163.94704776
3705,66459654.73799181
3706,84129159.7286678
3707,6500857.836134143
3708,36710202.07488489
3709,396163521.18840593
3710,0.0
3711,0.0
3712,65882988.42970985
3713,36063403.82471585
3714,0.0
3715,43008791.86109021
3716,23128616.30317282
3717,0.0
3718,2509900.7983621657
3719,62207056.02546058
3720,15113384.023371488
3721,0.0
3722,95283727.76105824
3723,12956189.688955955
3724,20074927.836657822
3725,11176955.285972252
3726,23408274.164656416
3727,198150170.06491077
3728,153719189.66882837
3729,0.0
3730,80621221.44157735
3731,162310010.83351046
3732,0.0
3733,220363987.77284855
3734,434630518.55936515
3735,32571360.945505917
3736,15774946.530817077
3737,0.0
3738,0.0
3739,456206.45787748694
3740,30165830.60450203
3741,44583205.898787774
3742,108292262.52174018
3743,45736532.34951993
3744,171586925.12359712
3745,71984897.33387716
3746,201297224.64651853
3747,0.0
3748,12378629.730548993
3749,0.0
3750,22981084.819501095
3751,32031489.67966409
3752,0.0
3753,11737087.582078077
3754,51808615.559507445
3755,52743654.63290171
3756,0.0
3757,427924682.21226805
3758,120199897.70375448
3759,17750552.040882632
3760,210742761.40450215
3761,69210723.54885548
3762,291940263.65426195
3763,69253138.99876425
3764,46311447.37765031
3765,0.0
3766,8965951.785494179
3767,19351490.157753445
3768,46738338.57469961
3769,24025444.433986127
3770,0.0
3771,66789989.140267216
3772,29439087.810435764
3773,36908516.977229536
3774,0.0
3775,143313416.22123438
3776,129092724.33787276
3777,0.0
3778,0.0
3779,24001798.249201402
3780,0.0
3781,65038157.368728295
3782,18018808.050815403
3783,105667033.77072725
3784,0.0
3785,450273019.1193341
3786,6225732.975962959
3787,253942435.440825
3788,690250510.6360879
3789,7299799.149132073
3790,0.0
3791,38801930.3738824
3792,0.0
3793,0.0
3794,22655162.344561227
3795,410112065.18665415
3796,0.0
3797,21748456.788214207
3798,43869035.89412872
3799,6964803.97858689
3800,0.0
3801,107253665.76009259
3802,0.0
3803,22893584.591320246
3804,0.0
3805,0.0
3806,65973725.71586263
3807,2924470.6688637137
3808,0.0
3809,38732181.63837445
3810,17070094.14251422
3811,17782336.47325086
3812,0.0
3813,0.0
3814,13362035.305932976
3815,95315602.42303085
3816,154514180.91988206
3817,145123770.18025047
3818,88055389.04475358
3819,65892782.83723575
3820,128584331.90620363
3821,157839946.34179807
3822,50932886.09901178
3823,51841287.504678875
3824,7327221.3311646655
3825,14622467.371210366
3826,113044623.89419864
3827,181473055.00244182
3828,7690465.751119189
3829,0.0
3830,92899974.53448689
3831,0.0
3832,242839034.03673428
3833,114998161.69296522
3834,27419872.210123762
3835,0.0
3836,17692754.30990587
3837,32277593.671317816
3838,81685678.20352247
3839,0.0
3840,36416086.865137696
3841,7464061.449541472
3842,19787506.105968587
3843,90510329.6620362
3844,0.0
3845,0.0
3846,0.0
3847,0.0
3848,0.0
3849,89128469.33859968
3850,0.0
3851,57595333.274970874
3852,23522753.603882194
3853,121969181.5618734
3854,0.0
3855,0.0
3856,3919653.1155905873
3857,564437117.3157369
3858,0.0
3859,8513376.750715956
3860,11973144.961939953
3861,70066076.9391911
3862,11389346.341418348
3863,131055997.47404154
3864,76089518.63777758
3865,107490009.64537388
3866,9626862.766743757
3867,142736644.10775572
3868,31054473.44794532
3869,71696875.80991924
3870,126726398.38486646
3871,512130767.6710777
3872,22339725.782274008
3873,50775737.22499598
3874,1916961.134609148
3875,73942815.48353344
3876,0.0
3877,72201942.03850421
3878,101563498.37678185
3879,375742514.11617696
3880,62132094.98074074
3881,0.0
3882,0.0
3883,7006417.028336473
3884,190091386.92056054
3885,14215808.044402838
3886,52783769.28350392
3887,0.0
3888,13847014.684132293
3889,122932415.69949025
3890,175937870.12202358
3891,27895595.401715934
3892,12020941.296642743
3893,406112622.28340244
3894,104009638.79856128
3895,43897327.56122537
3896,55969951.9295908
3897,54049514.311018944
3898,55234229.19300914
3899,530170489.3324026
3900,54128216.45835516
3901,0.0
3902,0.0
3903,14960879.40730051
3904,34516168.52449263
3905,21571337.05222784
3906,96934883.78572874
3907,18970803.08067216
3908,7582712.8849987835
3909,0.0
3910,0.0
3911,0.0
3912,23135176.86322257
3913,118237554.42480937
3914,43905378.97491267
3915,245403585.158592
3916,0.0
3917,0.0
3918,12084141.114543535
3919,93894511.15234669
3920,41238286.37051983
3921,0.0
3922,58978912.21739259
3923,71742028.72592267
3924,50877293.0316845
3925,258048211.07554078
3926,0.0
3927,112759056.60224405
3928,157526670.27786535
3929,78719663.03843465
3930,15520784.09109968
3931,20651261.4960628
3932,7110163.454690546
3933,43292989.21592907
3934,86402147.61144012
3935,0.0
3936,9442452.445274621
3937,225684362.18801945
3938,19020021.623299748
3939,54382062.10455569
3940,13175527.326349564
3941,35845322.54331938
3942,285247619.4378259
3943,588208237.9981278
3944,0.0
3945,25129866.511071555
3946,0.0
3947,79637104.25894238
3948,27790383.165861927
3949,20419654.74910683
3950,2158843.7786411494
3951,0.0
3952,62916038.54706514
3953,160661429.80253154
3954,442673527.0131987
3955,0.0
3956,77235645.88922359
3957,8598193.632504024
3958,19339869.411489017
3959,8303356.573243134
3960,0.0
3961,64406296.40225911
3962,0.0
3963,11334734.804183885
3964,579416391.3913965
3965,199978478.23709393
3966,73596079.5706028
3967,405676469.5003286
3968,80038221.39908996
3969,0.0
3970,29985924.031506278
3971,37313218.24253383
3972,26629562.754583985
3973,124468032.5167975
3974,0.0
3975,132737567.35738476
3976,90289725.93811157
3977,157061371.1067146
3978,172140596.86798674
3979,0.0
3980,0.0
3981,10236685.975645564
3982,0.0
3983,23739022.185255304
3984,145100786.8572755
3985,9668719.755839355
3986,619808714.7720895
3987,72367404.34795149
3988,34450783.481742375
3989,31957947.400622003
3990,27357996.512103662
3991,0.0
3992,0.0
3993,43177106.71806646
3994,78642161.84268513
3995,98502311.91805698
3996,52336771.36399482
3997,15219708.356238514
3998,147502765.65983585
3999,0.0
4000,110212002.32453285
4001,46861043.035739735
4002,247272614.9570505
4003,0.0
4004,85348665.81563985
4005,491218.42641080916
4006,44347646.43559786
4007,0.0
4008,11075483.308539867
4009,26240669.673712984
4010,27080915.902723484
4011,18286280.082519427
4012,190466667.48625994
4013,93013048.09071448
4014,3239586.6572089493
4015,94602746.09646448
4016,37086676.60698098
4017,33021645.424780212
4018,120108096.79317822
4019,299450760.83377695
4020,13822308.230165794
4021,96295500.01112524
4022,26662910.05961483
4023,223510018.92786586
4024,16355433.353900313
4025,0.0
4026,63374610.77747096
4027,75546369.4210618
4028,0.0
4029,0.0
4030,14549626.699214138
4031,190694227.33083528
4032,0.0
4033,0.0
4034,0.0
4035,96656618.80190499
4036,0.0
4037,46051813.76645765
4038,13859115.359581046
4039,27106934.41349876
4040,15510589.04979974
4041,24566017.651640333
4042,60773212.81949712
4043,18182343.773111783
4044,119852950.47927326
4045,51431843.42767278
4046,8813249.526956543
4047,510123867.5038019
4048,34316602.881166086
4049,0.0
4050,0.0
4051,423556823.6071636
4052,17563487.907167375
4053,4138296.6027252823
4054,0.0
4055,36188303.9719626
4056,16313219.718526386
4057,9808792.279064454
4058,19261803.783805177
4059,0.0
4060,70089129.47566073
4061,155745280.86727166
4062,39994741.04925823
4063,31616277.454966515
4064,399460734.3904256
4065,153765633.62800846
4066,6570278.525880434
4067,50934383.56676849
4068,0.0
4069,21317262.289602347
4070,22356876.132079534
4071,32751541.23118382
4072,14477158.821207136
4073,135098969.2398988
4074,0.0
4075,18277204.677785866
4076,42406505.92760378
4077,251653254.0786708
4078,3991768.5569999963
4079,124188806.42971736
4080,19234517.827472314
4081,0.0
4082,233228143.73713982
4083,55101691.84649053
4084,792748.244252935
4085,53132485.609286055
4086,154658123.10683286
4087,49913135.836678624
4088,44505721.40117064
4089,17814648.621647038
4090,8452805.164033398
4091,119889673.42791672
4092,77785938.00492959
4093,63743753.51758166
4094,0.0
4095,174192350.05969283
4096,18805554.575577438
4097,61023783.43536731
4098,36659856.57972077
4099,0.0
4100,94495291.6681968
4101,49607651.016076505
4102,19434241.97604792
4103,61929981.82580666
4104,5692251.963453427
4105,0.0
4106,8283557.836095758
4107,0.0
4108,34676524.354260415
4109,0.0
4110,30967603.22771752
4111,12219376.886565447
4112,18723318.652469598
4113,5995351.036250524
4114,158839295.59291577
4115,31902914.04222153
4116,47619885.438086145
4117,0.0
4118,41981856.27186726
4119,88663279.34988827
4120,0.0
4121,0.0
4122,226172565.48323113
4123,15532145.643756464
4124,59573702.00905513
4125,0.0
4126,20411923.147152588
4127,0.0
4128,4656161.015573129
4129,0.0
4130,0.0
4131,222583207.49809504
4132,136516563.05079308
4133,56246663.33068618
4134,0.0
4135,57423105.88748868
4136,344532245.9917462
4137,23248373.26951903
4138,67260070.45753549
4139,0.0
4140,7279611.198955171
4141,20263682.17174974
4142,79837393.91468726
4143,56948606.855422065
4144,0.0
4145,23863578.696953654
4146,12658351.881768987
4147,0.0
4148,32390176.90448752
4149,0.0
4150,0.0
4151,7011015.803010359
4152,20929356.766792774
4153,56918383.96241151
4154,0.0
4155,32202821.135447524
4156,30816747.959245272
4157,5455249.393796876
4158,32457317.687909894
4159,110171041.90548317
4160,249491152.89422762
4161,18894775.94824338
4162,32633031.377417482
4163,194219334.9455495
4164,14502013.000705257
4165,0.0
4166,0.0
4167,125092188.7645478
4168,16749705.249193072
4169,10842155.008981533
4170,3067681.6178992838
4171,128569717.84655523
4172,109639671.40325145
4173,13176451.44641012
4174,0.0
4175,34429101.49561042
4176,30114621.513246328
4177,0.0
4178,443706686.8917705
4179,0.0
4180,192286346.8664025
4181,75901234.37983398
4182,24762528.244888633
4183,43011970.37410861
4184,23336168.5674136
4185,0.0
4186,10408783.58937227
4187,69201749.12666894
4188,48979763.178504795
4189,0.0
4190,0.0
4191,0.0
4192,0.0
4193,425179650.8877867
4194,136268303.09957558
4195,0.0
4196,18609132.402049884
4197,27769157.81404966
4198,26695579.401619576
4199,8649001.613966085
4200,112059104.27047741
4201,80945328.46186937
4202,142061024.84361953
4203,13229129.493392684
4204,87747511.56943372
4205,8749681.842392571
4206,62853437.36597468
4207,374345910.5159279
4208,489302267.28206766
4209,80133441.86173306
4210,127060365.46990782
4211,45839992.715334006
4212,468158688.03705174
4213,0.0
4214,34269931.445196554
4215,2752767.613044113
4216,0.0
4217,0.0
4218,57659255.94875931
4219,35389287.15545537
4220,33097882.32202249
4221,0.0
4222,0.0
4223,111158884.91619098
4224,0.0
4225,43172971.605412535
4226,61156325.55430126
4227,10167130.575632349
4228,0.0
4229,121517717.32247777
4230,68204518.02972116
4231,21538499.383129425
4232,0.0
4233,95799343.08638528
4234,57593920.46468942
4235,21006013.279330388
4236,6939887.608541146
4237,75252904.16736114
4238,102619127.7957693
4239,148447307.70338535
4240,304820291.39586675
4241,131097760.71176666
4242,0.0
4243,0.0
4244,136347427.00560477
4245,0.0
4246,0.0
4247,70327349.05846229
4248,5873523.209035084
4249,139421134.5407439
4250,39613415.40321947
4251,8812473.29207369
4252,222493053.29838157
4253,110678445.2378601
4254,58371519.40235759
4255,73993468.1194667
4256,315675660.9137002
4257,202621334.408163
4258,54226694.93933642
4259,0.0
4260,215845059.47164553
4261,16656696.622817218
4262,45010804.87052938
4263,21522765.512047604
4264,474145191.9239694
4265,13332532.390287861
4266,3342051.528845519
4267,24429306.885286994
4268,22967452.794782877
4269,39912652.98145816
4270,419826943.59954154
4271,128950032.54985268
4272,0.0
4273,44498978.44989872
4274,29332440.804390788
4275,15493440.580345958
4276,27805380.49089198
4277,97314659.09203911
4278,10597542.429986723
4279,68025581.49608661
4280,2511481.3526161313
4281,0.0
4282,30803297.236941166
4283,657829.2138518095
4284,18649177.882792503
4285,0.0
4286,517756748.0273202
4287,51834550.456328884
4288,89658043.35278846
4289,154119819.33072382
4290,124086737.9223325
4291,0.0
4292,5847506.888952278
4293,35623921.80663425
4294,204634669.83597887
4295,151496420.69760686
4296,0.0
4297,15564050.559051976
4298,5261869.216851398
4299,20565018.864409886
4300,93304144.50623669
4301,14300752.081919938
4302,0.0
4303,17471969.30912602
4304,29423520.84979418
4305,49976321.4066231
4306,28169174.133667074
4307,0.0
4308,0.0
4309,54735185.89809988
4310,0.0
4311,0.0
4312,51168368.687167846
4313,113549723.30030751
4314,20040619.39468181
4315,151235712.34780002
4316,300627329.4476468
4317,0.0
4318,29750742.914053492
4319,10843538.107601374
4320,4832523.364643142
4321,86430944.90716152
4322,7599693.528984576
4323,0.0
4324,22889423.430507235
4325,9512289.323603094
4326,0.0
4327,93280657.4639044
4328,8261457.712700382
4329,7935117.0547606945
4330,516754330.00817907
4331,63155734.78948362
4332,103045086.50413643
4333,0.0
4334,134424066.11365896
4335,116246290.88451117
4336,50980271.18123824
4337,0.0
4338,249614505.25556344
4339,106054565.82091615
4340,67771799.90703444
4341,27695726.20106028
4342,22697670.329792798
4343,44744521.39487335
4344,7013003.41822733
4345,0.0
4346,80891693.46524125
4347,74414470.10929388
4348,0.0
4349,242868768.20413578
4350,0.0
4351,160606325.85847318
4352,0.0
4353,127601269.48769855
4354,79337552.45421991
4355,40797679.56282343
4356,27927183.829389036
4357,39411501.83299017
4358,38536917.257890195
4359,34528627.31436694
4360,101089902.71676229
4361,158642031.73544145
4362,0.0
4363,96426124.05913259
4364,98306476.89463909
4365,0.0
4366,57798511.25674713
4367,91613708.64855579
4368,150048281.52080697
4369,39385382.05060959
4370,109082336.10731421
4371,83876684.07635511
4372,20081300.294730514
4373,10796610.73555468
4374,31711928.022312954
4375,0.0
4376,0.0
4377,13351035.70985967
4378,36594180.95101443
4379,142436449.43151313
4380,97001568.25835532
4381,184204500.05330724
4382,371171084.9754613
4383,302344124.78210974
4384,64850812.913963385
4385,0.0
4386,193879410.663293
4387,64550565.17928617
4388,37606167.71860298
4389,306309354.58070165
4390,19317119.229321606
4391,0.0
4392,182699433.3266248
4393,59517696.322180614
4394,51097852.284830555
4395,17408642.02942525
4396,77792302.33309071
4397,30168840.312814668
4398,260043169.58842748
4399,313015.062261641
4400,12833407.0536528
4401,34971734.59816952
4402,42192043.2770822
4403,67890676.49407746
4404,56194232.36847251
4405,43459730.585225396
4406,0.0
4407,0.0
4408,0.0
4409,0.0
4410,18638757.02571229
4411,38213339.255532034
4412,137927355.04819685
4413,47838846.79199072
4414,0.0
4415,37596526.015752286
4416,0.0
4417,114073602.12620819
4418,0.0
4419,95779715.71479101
4420,414466677.6472342
4421,0.0
4422,20625732.269805275
4423,0.0
4424,0.0
4425,65891459.0420975
4426,32340594.322776824
4427,68300016.80014817
4428,345717.9944938719
4429,0.0
4430,0.0
4431,0.0
4432,213544591.5636009
4433,349630650.1007055
4434,544304148.4151556
4435,19015963.726536646
4436,48712401.44179542
4437,16164533.735550776
4438,23532443.818034604
4439,21185430.186865635
4440,27251271.57355033
4441,66477822.749111824
4442,0.0
4443,0.0
4444,6004759.137741804
4445,39140130.6904818
4446,5347384.642052084
4447,133804620.99045171
4448,56826259.53445187
4449,0.0
4450,234126757.50861067
4451,310068014.42469496
4452,40755042.25291967
4453,0.0
4454,0.0
4455,0.0
4456,148927840.88530776
4457,4913672.357090846
4458,39435429.34139112
4459,45188039.50894816
4460,18357359.06898488
4461,128073924.69189572
4462,75362970.13433598
4463,19895961.077472396
4464,92252156.5515451
4465,44371026.66167309
4466,0.0
4467,10070941.464046739
4468,0.0
4469,60905134.73971841
4470,70178391.35728268
4471,0.0
4472,173961125.93619066
4473,52617713.56175044
4474,0.0
4475,8850175.058798395
4476,6910656.897080757
4477,70018330.50963387
4478,2112768.1091360897
4479,0.0
4480,93053175.39103323
4481,14349726.144754209
4482,20782826.43922416
4483,15655952.572549269
4484,6712559.708662286
4485,51487184.73067251
4486,71047098.32846528
4487,22364237.520843007
4488,156880620.24403864
4489,52049256.10498862
4490,348873.68698848784
4491,111556095.34596467
4492,59387423.97601142
4493,0.0
4494,10147455.76014547
4495,38551715.03908779
4496,46080803.95206831
4497,0.0
4498,85223784.57858722
4499,0.0
4500,115607563.23198944
4501,155852264.2439192
4502,27421858.983912468
4503,401540655.5334886
4504,0.0
4505,0.0
4506,122604357.64411679
4507,8635219.606833115
4508,34004741.87191975
4509,4562834.027752072
4510,26457651.68885287
4511,164713911.41373327
4512,0.0
4513,97648723.92121565
4514,0.0
4515,425805750.33142793
4516,488168.9139634669
4517,16881471.08894913
4518,363743560.66780514
4519,94107558.94474342
4520,23908517.33350858
4521,0.0
4522,111384307.54386057
4523,29724643.249157764
4524,1992023.2959245741
4525,20789387.142309256
4526,3700750.320848137
4527,12118495.060912058
4528,2442411.6557701826
4529,0.0
4530,34576599.52063684
4531,0.0
4532,0.0
4533,26731769.401436582
4534,32397441.216230348
4535,167411180.29496694
4536,26151112.91759342
4537,63186243.28929655
4538,48696915.14307676
4539,0.0
4540,80055629.29613835
4541,46343130.226883605
4542,125929175.78606752
4543,72690316.42881595
4544,10276991.444295645
4545,0.0
4546,0.0
4547,4625921.684333622
4548,4884134.42239283
4549,0.0
4550,13028761.523116924
4551,586212372.7706774
4552,95541126.97326927
4553,19417811.481405526
4554,266300082.06590563
4555,7322462.770790659
4556,53929295.57353313
4557,27648363.12098787
4558,40456672.50597304
4559,60223732.07892688
4560,78176642.34110714
4561,35038326.65842606
4562,221717.67298674583
4563,155869991.77691585
4564,0.0
4565,1413135.9127888978
4566,45478614.690293945
4567,139649087.83614808
4568,0.0
4569,50895573.854885794
4570,36113445.36889429
4571,912902.7218497545
4572,46058419.47717728
4573,35894550.92622462
4574,0.0
4575,0.0
4576,27812059.391932793
4577,2775526.3681423813
4578,48847048.29117671
4579,0.0
4580,83415559.96818644
4581,28994709.12126229
4582,71640759.48638615
4583,234177447.4220692
4584,5182931.637263358
4585,225344885.20753545
4586,12710569.004909322
4587,8245451.541745707
4588,193560485.57934666
4589,4785037.233953729
4590,996474168.3038278
4591,38838501.22132035
4592,0.0
4593,0.0
4594,34875908.71560472
4595,304499776.2738032
4596,403919424.55311215
4597,9548321.206455968
4598,159438340.722043
4599,34740397.42189141
4600,0.0
4601,91134481.42571636
4602,33748269.43037171
4603,67936275.88910127
4604,37733886.16697006
4605,272522230.8476132
4606,166940474.51919186
4607,38554012.984253764
4608,23548488.287186824
4609,43042516.65198403
4610,238752242.71095276
4611,61152960.08017161
4612,32990472.857940182
4613,41806594.81519417
4614,33704146.13715181
4615,0.0
4616,0.0
4617,79226928.80531801
4618,0.0
4619,13626249.260793835
4620,11607699.912542075
4621,153226602.41778898
4622,25365614.94864486
4623,9532516.002118781
4624,3352931.0843279064
4625,43745261.44077148
4626,6260926.513769917
4627,18072917.072925925
4628,2554475.7592936307
4629,0.0
4630,13003193.99916964
4631,72761647.66104375
4632,0.0
4633,0.0
4634,8966122.330130227
4635,0.0
4636,82971832.75876862
4637,0.0
4638,8770712.427283697
4639,912889.2882710397
4640,52904937.29684922
4641,25486674.66100315
4642,16013580.904968023
4643,201375497.79834884
4644,12130300.566911995
4645,3078900.144013986
4646,681157920.7694598
4647,0.0
4648,8362392.414689891
4649,130826736.29868641
4650,98899356.23778981
4651,77368728.43454893
4652,324718951.8016014
4653,0.0
4654,95974773.57197379
4655,129542167.11562738
4656,2918962.7388308197
4657,29438354.343741998
4658,188263.58003486693
4659,8319338.8821898475
4660,7441457.47992368
4661,1607119.5957335532
4662,15030934.85647428
4663,22638269.783033565
4664,0.0
4665,47557156.252617255
4666,49918246.908995815
4667,124247804.19272149
4668,0.0
4669,3215510.078106165
4670,63529414.40524395
4671,0.0
4672,1430534.2257612646
4673,40039814.62616809
4674,0.0
4675,34742872.19057741
4676,0.0
4677,0.0
4678,7483515.750017382
4679,0.0
4680,6647102.979958385
4681,40838358.58037102
4682,0.0
4683,0.0
4684,8772824.105711251
4685,42197151.371711515
4686,14251056.46158585
4687,44536647.50322426
4688,209505872.17473948
4689,8675017.521636292
4690,1977724.9638118
4691,19607605.00157985
4692,12672432.483267158
4693,0.0
4694,14589023.532407299
4695,50702898.2715082
4696,18828211.54252729
4697,152687950.4494053
4698,3602281.2773093283
4699,23536958.49720633
4700,181116992.5888487
4701,255097826.361499
4702,22755504.36571835
4703,29308175.10762655
4704,65849088.52171523
4705,72697481.9753438
4706,124199307.82187857
4707,26548255.75759527
4708,49789635.79619649
4709,0.0
4710,384119561.65517056
4711,34992192.756690286
4712,0.0
4713,283485461.07288
4714,15362246.449562818
4715,0.0
4716,2327061.1277813613
4717,16344201.943858579
4718,51474103.05582966
4719,163192897.1210732
4720,0.0
4721,8067618.321638159
4722,83716805.67977005
4723,0.0
4724,203078880.45475674
4725,38749685.409169495
4726,10923800.518657796
4727,0.0
4728,53114465.771561846
4729,131399733.71654144
4730,0.0
4731,38700189.501224004
4732,332931167.1184846
4733,40823529.37516762
4734,251210259.09853613
4735,50409720.94175792
4736,0.0
4737,53716561.07142164
4738,43793964.38212271
4739,104957794.46643876
4740,679353188.152323
4741,2505673.8508488536
4742,141097978.91783547
4743,0.0
4744,1674027.7764197737
4745,244095864.63305938
4746,52936877.88476503
4747,6725516.084346034
4748,87686088.6812905
4749,10771821.010265693
4750,11130562.111439511
4751,64032404.223824814
4752,0.0
4753,0.0
4754,539091320.6698202
4755,0.0
4756,53013862.92897441
4757,233869604.293584
4758,136897439.82452708
4759,490185997.4383384
4760,0.0
4761,20429766.325197265
4762,3931062.634647414
4763,18209509.37116064
4764,415818732.29891753
4765,20478893.162070453
4766,148233743.9812419
4767,88264892.21502164
4768,111077153.03124687
4769,38267837.2561146
4770,185093648.55275464
4771,64253598.33068787
4772,20031938.508420765
4773,21521340.19509922
4774,0.0
4775,4363198.848724097
4776,20007519.08108954
4777,282546394.5432395
4778,99486778.20248963
4779,28834020.157599047
4780,176562105.91472027
4781,0.0
4782,72955070.28923154
4783,33401813.435815744
4784,4554481.052193046
4785,50182225.900645435
4786,106847885.71853903
4787,113045191.41381599
4788,58245840.492377296
4789,0.0
4790,79636595.81609452
4791,11712774.600827232
4792,0.0
4793,22832301.304565422
4794,10258711.89927449
4795,34635154.73691838
4796,14010827.823868431
4797,676550071.2017766
4798,86660193.7172584
4799,24600770.67342204
4800,38618129.33513793
4801,0.0
4802,50920526.78509162
4803,0.0
4804,10134243.945268735
4805,0.0
4806,0.0
4807,9000135.31132561
4808,0.0
4809,129583231.1598676
4810,0.0
4811,0.0
4812,141482911.78443867
4813,118191774.35952823
4814,0.0
4815,30392128.73125682
4816,21249518.917550087
4817,30944160.748017922
4818,98090413.76949406
4819,0.0
4820,127472136.40709406
4821,0.0
4822,445913.73348261416
4823,0.0
4824,63019020.79988666
4825,89250784.80793685
4826,11105898.351957
4827,96952766.60856715
4828,0.0
4829,43516191.045126595
4830,50072393.186959386
4831,61705926.03529702
4832,43061606.16619503
4833,22661551.567500643
4834,23072858.291924015
4835,54844537.48334674
4836,17963385.20997989
4837,230853385.2560054
4838,22961390.14681831
4839,0.0
4840,423137091.98378116
4841,0.0
4842,170900918.36922035
4843,212976821.54934657
4844,0.0
4845,35384793.377028264
4846,0.0
4847,287184824.075092
4848,56594727.89533154
4849,241594013.4886827
4850,8102469.300953381
4851,0.0
4852,25997215.721287325
4853,141701422.2351858
4854,0.0
4855,123603555.46489196
4856,1696159.1367006004
4857,45417092.95096898
4858,72209111.1652704
4859,23748468.89512723
4860,514030716.522752
4861,158807258.39827347
4862,132903501.946672
4863,162185030.29638767
4864,90097407.76787043
4865,59392859.065183245
4866,3729124.755681947
4867,159657672.92219394
4868,17299205.15450166
4869,2174270.290359527
4870,16456066.09257286
4871,27151915.295316182
4872,3889582.9675379544
4873,14863718.698015861
4874,132509944.96063027
4875,11236429.868503712
4876,34290297.84383236
4877,52503710.4515392
4878,15621726.604705118
4879,44527155.36743487
4880,35030326.58364814
4881,0.0
4882,48112657.957352184
4883,85691992.66458897
4884,149252165.16077697
4885,19569345.28448403
4886,35422598.43242371
4887,0.0
4888,12815368.227237485
4889,0.0
4890,83056424.8855215
4891,187166.59137038887
4892,0.0
4893,88519132.94707409
4894,0.0
4895,0.0
4896,63125677.58267371
4897,0.0
4898,181775059.71224922
4899,501483534.8314822
4900,244329688.33238304
4901,67557621.82319653
4902,6201960.840969518
4903,12764280.962797068
4904,304330649.31531125
4905,36251181.53794549
4906,0.0
4907,697886369.6273896
4908,24112112.455662794
4909,98664707.44994712
4910,42805315.81181733
4911,21830819.030541666
4912,48895166.55638292
4913,14982735.990905061
4914,111924966.57520497
4915,61004333.29777078
4916,32879483.22335279
4917,30258797.20664967
4918,186030177.72826362
4919,54728520.90841252
4920,55785565.16561633
4921,115640887.55646646
4922,18439767.39125616
4923,11612415.66016329
4924,100285274.70053457
4925,122478256.62144631
4926,9452031.64255862
4927,33113635.624163978
4928,17765916.473498575
4929,29152157.136926033
4930,13629205.159674987
4931,46345076.11844292
4932,0.0
4933,123250121.72637612
4934,0.0
4935,447350058.84398395
4936,0.0
4937,4107014.649053201
4938,8499588.636443794
4939,0.0
4940,19855485.331739366
4941,98970262.01803623
4942,0.0
4943,70923710.33004285
4944,73861139.40650384
4945,1223938.0910447836
4946,6897082.974233896
4947,0.0
4948,0.0
4949,39888528.11004457
4950,88145011.75429533
4951,77394495.96963254
4952,32528698.559943058
4953,90252799.60141146
4954,36763881.36754374
4955,0.0
4956,3335587.506789282
4957,44552234.7313796
4958,25277330.03049154
4959,46127158.05329104
4960,21569676.381835774
4961,172556011.63754013
4962,9680232.79339245
4963,44240095.94139086
4964,22210337.428896733
4965,4824301.244996205
4966,17038804.72183974
4967,98444840.82846579
4968,47310212.31663745
4969,0.0
4970,7289858.991081834
4971,117538169.14914834
4972,29954037.673713326
4973,14757078.981754757
4974,160338586.40466768
4975,15449058.72479187
4976,0.0
4977,88268038.86909522
4978,0.0
4979,9231068.344361767
4980,69434488.582652
4981,40833509.84499192
4982,117477772.65811615
4983,0.0
4984,49470146.134737834
4985,289709962.0551291
4986,0.0
4987,17906187.982658505
4988,0.0
4989,50299245.43019141
4990,9798913.61551784
4991,0.0
4992,262540133.7951755
4993,38806333.88022777
4994,156182725.53408736
4995,0.0
4996,24532077.530464336
4997,70497488.65430099
4998,21632310.911113903
4999,94388882.72991797
5000,226443693.50072843
5001,267561594.50579077
5002,169797082.79845834
5003,56158458.56656368
5004,36081884.21705054
5005,78052348.68859333
5006,464777584.690037
5007,47616752.49589855
5008,398265159.8317627
5009,21828629.208524317
5010,558492.5533106774
5011,4022136.8598329127
5012,168408566.78530398
5013,9253706.527504347
5014,42749936.65407893
5015,0.0
5016,131203872.70694262
5017,24444425.16647479
5018,33280715.71673403
5019,51282744.62302376
5020,39716316.84920466
5021,0.0
5022,34637684.8747182
5023,44253705.74296111
5024,125612655.73939171
5025,0.0
5026,193618505.8787945
5027,91093143.16581781
5028,72650738.07962233
5029,138610203.58106157
5030,32510659.739888027
5031,8099126.3851851225
5032,270294023.2013565
5033,11460944.29976365
5034,40561150.89241928
5035,0.0
5036,26655820.148867868
5037,51303860.49259684
5038,405159960.5211073
5039,2477139.2236976773
5040,70029361.9966136
5041,39007013.16507446
5042,3536420.183835745
5043,31366061.07030624
5044,269358565.7010991
5045,18756396.25139132
5046,7610981.752923436
5047,0.0
5048,4388542.376664996
5049,127770443.62929872
5050,0.0
5051,389912292.55230623
5052,186770897.08394697
5053,64017762.10108428
5054,141245299.28268003
5055,25472855.360663153
5056,51020062.785525225
5057,25592695.018692464
5058,40776098.64601931
5059,15557921.60758587
5060,140888599.71076247
5061,65742896.8558542
5062,0.0
5063,0.0
5064,59885311.8596847
5065,4130048.502208367
5066,93288315.69362417
5067,70037531.20628746
5068,24260524.416918606
5069,120878648.53497852
5070,6868129.837029219
5071,140896045.62232226
5072,91472310.27829765
5073,669004.8804057688
5074,0.0
5075,37140055.01385818
5076,46496050.03310488
5077,203286590.86545122
5078,8312603.186241992
5079,14347250.53687621
5080,133332874.76857595
5081,113203809.96635228
5082,23278465.108029142
5083,9432608.198541164
5084,45323797.802236095
5085,20476893.132770583
5086,5958292.600267194
5087,3973851.21801126
5088,0.0
5089,3247858.482879922
5090,35107431.67054718
5091,14118463.12374939
5092,55989036.388999864
5093,77053541.78059965
5094,81934852.1881682
5095,217170604.03036767
5096,60188743.70393178
5097,0.0
5098,16079552.27066338
5099,10820616.006880522
5100,14063199.049372494
5101,0.0
5102,0.0
5103,0.0
5104,94353503.9680501
5105,0.0
5106,0.0
5107,30340111.33081668
5108,44077410.08061355
5109,0.0
5110,19257724.074508272
5111,152433327.27542177
5112,32406877.06024237
5113,0.0
5114,0.0
5115,4369372.892506406
5116,0.0
5117,179978322.52436468
5118,104865456.45636262
5119,15233573.701786622
5120,0.0
5121,85149873.76386514
5122,40948672.77736753
5123,16492765.260542989
5124,35322191.43841068
5125,38665918.68194658
5126,33610706.050430536
5127,21672587.390098363
5128,0.0
5129,30105762.10454464
5130,117863757.57796988
5131,26447300.67517461
5132,68603053.36816444
5133,160997081.12505838
5134,214269349.76613814
5135,184015528.55931026
5136,8285673.6256774515
5137,107637701.04326172
5138,40039250.24910568
5139,208370177.33839732
5140,123136477.5319225
5141,77094886.87138943
5142,202239839.6951969
5143,67830588.70238802
5144,36346560.66576598
5145,9680746.982245475
5146,0.0
5147,0.0
5148,60025677.261510864
5149,0.0
5150,448190505.19449973
5151,446454455.3222883
5152,126340085.66808079
5153,4401250.06623584
5154,62054081.872805685
5155,5841581.827215098
5156,421882737.5524956
5157,31933528.8139109
5158,0.0
5159,130126642.91613796
5160,18681083.48090139
5161,32853207.834000595
5162,111823284.63465138
5163,184383685.8336287
5164,0.0
5165,73107966.84850161
5166,182892646.34363085
5167,0.0
5168,16261941.44504863
5169,9548739.818447612
5170,39391961.15455463
5171,189790883.81280127
5172,11762746.440669663
5173,145011658.4118487
5174,169419975.49207693
5175,8742708.956634626
5176,11989512.389909953
5177,287216094.5278031
5178,488014679.8626808
5179,5757985.087054521
5180,25993179.032096446
5181,0.0
5182,65341848.47639984
5183,14507537.75487896
5184,21688392.30880115
5185,1011630.3634128273
5186,0.0
5187,0.0
5188,12861812.905325897
5189,0.0
5190,352579345.9834469
5191,39894934.34915018
5192,134288589.62349194
5193,157741800.2071879
5194,70193869.18530656
5195,181407125.3628798
5196,57797718.67723799
5197,53782134.83514934
5198,102426904.62902027
5199,28872431.667935625
5200,15239423.20858118
5201,19790041.563514754
5202,287836.4046535641
5203,0.0
5204,0.0
5205,5183112.368172362
5206,28614978.871934548
5207,4690991.721307173
5208,0.0
5209,147786342.3848632
5210,88236114.85875365
5211,0.0
5212,79038.5577519089
5213,69531936.74052034
5214,0.0
5215,10695977.250973903
5216,17530798.097351864
5217,0.0
5218,29573367.75153295
5219,17760990.4419337
5220,91155797.96158616
5221,13034.194242864847
5222,0.0
5223,107161303.18642956
5224,0.0
5225,0.0
5226,99218763.8090918
5227,0.0
5228,49018397.30288468
5229,210077416.44885397
5230,0.0
5231,0.0
5232,0.0
5233,9311580.732329547
5234,78150616.36308047
5235,37268479.65937114
5236,219039912.9270664
5237,176298202.2415058
5238,17269135.136268184
5239,41153404.51164429
5240,63988939.59695579
5241,69194661.21961856
5242,53447274.482405856
5243,0.0
5244,89870692.84643821
5245,5534549.741363183
5246,13892063.98969309
5247,46946252.826213956
5248,0.0
5249,51357241.391209766
5250,257768855.18098205
5251,12999592.516658343
5252,0.0
5253,0.0
5254,0.0
5255,87898680.51567093
5256,23742934.33574222
5257,12562412.311085798
5258,7474230.945807762
5259,166016476.40589112
5260,1745070.6611988544
5261,59316964.09051344
5262,27145517.49601669
5263,36018547.53595034
5264,6411713.78374593
5265,26769133.95737207
5266,33559952.87707619
5267,0.0
5268,15348888.399730109
5269,139716242.67681536
5270,94372234.12210146
5271,18936284.262452945
5272,117761666.79302368
5273,0.0
5274,70167970.42568222
5275,3314447.694040552
5276,0.0
5277,7768116.643704049
5278,35813067.35000338
5279,50667467.094081745
5280,0.0
5281,42707110.304373376
5282,15195221.65863067
5283,0.0
5284,3155744.132928267
5285,77585934.18024403
5286,6944420.894512884
5287,5713603.45671235
5288,10581546.332826436
5289,151171628.3904845
5290,218671072.04966795
5291,412753161.37582165
5292,128078121.791033
5293,236330825.72065473
5294,0.0
5295,468679723.956886
5296,10018161.86283949
5297,132870804.61824962
5298,135244758.76937574
5299,9258732.351122588
5300,0.0
5301,22517123.94186064
5302,89964919.08639902
5303,0.0
5304,11051475.885162659
5305,1343170.9163517654
5306,78887256.83801752
5307,270251630.29498696
5308,0.0
5309,0.0
5310,127152238.77399829
5311,0.0
5312,221992463.21400905
5313,374089063.2534973
5314,86394511.7615897
5315,0.0
5316,43072909.66803655
5317,8613340.242811933
5318,1507205.319217652
5319,28510949.540633775
5320,29087400.65440818
5321,43168980.13346378
5322,0.0
5323,116274387.0791514
5324,29133933.061473213
5325,6425073.558240838
5326,26622213.702818833
5327,115714748.46542966
5328,46513427.98764802
5329,9422020.675325453
5330,199838233.37997514
5331,47299652.98113135
5332,0.0
5333,70533821.03810981
5334,49284489.68414593
5335,0.0
5336,23290052.55126573
5337,3917145.497039631
5338,30423378.08123383
5339,66155104.588498265
5340,19637948.660021238
5341,136229812.06145325
5342,219239563.40276623
5343,23388003.709235728
5344,140452106.36863768
5345,0.0
5346,130284282.59163387
5347,0.0
5348,54995201.374815434
5349,0.0
5350,0.0
5351,130513816.82359114
5352,7222789.4954665005
5353,55701676.43160992
5354,64804380.79997661
5355,144605540.5721971
5356,17981207.928323105
5357,0.0
5358,101186286.43380094
5359,54985426.86685091
5360,138110281.69916558
5361,4408441.148215324
5362,0.0
5363,50083650.07282035
5364,2653353.868357435
5365,92529729.0005569
5366,165037184.44340682
5367,71833735.24513485
5368,0.0
5369,375722795.1836887
5370,120113548.479632
5371,3667130.8869877756
5372,506395929.60763884
5373,55012047.34093562
5374,77585472.71198174
5375,100648238.27330351
5376,186649481.32291114
5377,73586001.17573828
5378,0.0
5379,31409323.288880482
5380,84913879.82136643
5381,96233659.45580702
5382,96580631.92344058
5383,0.0
5384,247428314.36592835
5385,127030988.5406062
5386,31770550.25108488
5387,20475364.206940442
5388,225019368.31659102
5389,28887258.163367257
5390,18987015.719357014
5391,30313529.01675407
5392,0.0
5393,0.0
5394,27113810.928811774
5395,0.0
5396,195825941.06285012
5397,0.0
5398,43349250.503868565
5399,7256531.026365809
5400,0.0
5401,163197503.69054148
5402,71659979.77774353
5403,51020460.43991245
5404,0.0
5405,96361122.72248667
5406,0.0
5407,320462572.6685307
5408,474045736.1912948
5409,162112621.44103652
5410,18582599.781368166
5411,90047061.77116027
5412,0.0
5413,4820144.690733388
5414,124100881.5726276
5415,108730816.49207798
5416,41967608.188719824
5417,108341415.50717571
5418,6125223.252837859
5419,0.0
5420,45699974.73921879
5421,45193883.49163103
5422,117510230.68387756
5423,276131094.7915471
5424,210376250.9115945
5425,13028660.56557443
5426,74818921.97366005
5427,0.0
5428,0.0
5429,87183903.0369831
5430,191364976.55732834
5431,0.0
5432,111768384.30741006
5433,65450294.829507366
5434,81515595.6957247
5435,0.0
5436,33621347.67683075
5437,37063538.821327046
5438,21127471.89167563
5439,0.0
5440,103901686.90878725
5441,0.0
5442,226288244.92290503
5443,150527473.4639638
5444,73257487.04621911
5445,76960980.35628287
5446,161039449.01392016
5447,27381008.964326225
5448,46398639.78006743
5449,111251533.52926111
5450,7448045.565310247
5451,36267868.05931477
5452,0.0
5453,264789690.35521477
5454,170577766.15623432
5455,20658422.35689623
5456,42012248.38570119
5457,100573639.9464187
5458,0.0
5459,0.0
5460,0.0
5461,0.0
5462,0.0
5463,570573868.4697582
5464,0.0
5465,93038033.74458045
5466,62849772.54021055
5467,59942251.654803425
5468,175630416.80161366
5469,0.0
5470,431829149.7682935
5471,132825857.99128798
5472,87233276.5840897
5473,33935571.79113829
5474,39251832.93221199
5475,79532638.73477067
5476,44102683.19720501
5477,27991754.19878909
5478,55795985.819179356
5479,115033532.64600192
5480,16020550.31470377
5481,11027025.46347209
5482,43490743.861208364
5483,15944234.782891013
5484,159168230.28208935
5485,45478764.12281312
5486,8616469.407272726
5487,332058924.69665647
5488,96872964.53203234
5489,98873558.87390384
5490,13603607.199746832
5491,76016262.72658221
5492,63171337.30685971
5493,20319894.787154607
5494,0.0
5495,33510421.013609745
5496,62284345.39543417
5497,15795022.419577643
5498,0.0
5499,92551282.01336837
5500,16735461.237408794
5501,12360343.981466308
5502,0.0
5503,107797923.31168994
5504,41950784.81486822
5505,5911215.218504235
5506,188804847.00216573
5507,18325543.326175928
5508,143497025.39347216
5509,173563639.71970427
5510,44727953.31277306
5511,27182832.79322067
5512,124142111.48019527
5513,0.0
5514,57692799.368253306
5515,22268882.360839136
5516,0.0
5517,423758466.90856355
5518,41493614.20572689
5519,177300314.9811713
5520,0.0
5521,33134694.891635276
5522,0.0
5523,349158550.7041229
5524,280245121.7245433
5525,83203280.38320304
5526,20371685.14596109
5527,6597330.494308181
5528,101106092.27503726
5529,0.0
5530,315211529.92669004
5531,0.0
5532,17426094.144232474
5533,103874044.62527278
5534,398894226.00538146
5535,0.0
5536,0.0
5537,124909.22442220151
5538,28607901.2969551
5539,230554988.23337775
5540,62839794.51184254
5541,190747673.77514607
5542,0.0
5543,9442400.480750844
5544,27013057.129320107
5545,0.0
5546,20953366.279281802
5547,32267640.04950513
5548,15240683.098401777
5549,64613285.98871717
5550,83985318.22417346
5551,25041997.967233695
5552,91721682.54786828
5553,64223192.8132319
5554,13133756.793116339
5555,30843612.113364674
5556,55051059.49842533
5557,12261605.36685805
5558,397286971.38785017
5559,8664140.998657316
5560,14558435.959528282
5561,29811657.416824117
5562,81532466.16178943
5563,0.0
5564,4207182.894469887
5565,26674030.760744378
5566,47460576.05158171
5567,16061773.58429093
5568,48363928.199890345
5569,85169606.2873585
5570,60590118.49600045
5571,148238255.77313432
5572,0.0
5573,233505679.76013058
5574,37194771.70675692
5575,161837583.05095062
5576,80220885.06010622
5577,72191851.67635696
5578,9183272.10875237
5579,1201336.1834414154
5580,5446877.707841411
5581,52017801.57007709
5582,49512479.276381776
5583,77901316.7158455
5584,13756686.194725871
5585,50136759.244862266
5586,0.0
5587,29234091.60671381
5588,143533658.86017948
5589,158059854.24529195
5590,0.0
5591,30275805.884831205
5592,21112553.21116831
5593,2046418.3642573804
5594,15275194.96755939
5595,38304315.506256655
5596,278079652.542229
5597,6146421.048568144
5598,67154913.41704284
5599,17565177.37248707
5600,7848101.583737418
5601,65872594.69941803
5602,93724808.80062383
5603,0.0
5604,53507400.31044153
5605,179280067.76451308
5606,117862104.34152901
5607,67500196.8889845
5608,140861044.7270525
5609,13995215.216608346
5610,48372686.71870096
5611,76984731.41294882
5612,541614373.0885808
5613,12679432.952394068
5614,20667905.90189928
5615,71796626.62139024
5616,0.0
5617,405127484.988725
5618,60510850.53355557
5619,80597609.60993746
5620,7604333.683286436
5621,74595343.95970593
5622,11197826.110356875
5623,64421661.201795794
5624,494022919.5069061
5625,0.0
5626,17015772.84684989
5627,108118758.92807896
5628,72233559.37412456
5629,285537248.2403043
5630,4300621.081931233
5631,72145140.46463439
5632,72297953.83195461
5633,16667038.414685667
5634,35275303.139759436
5635,87353124.55696476
5636,0.0
5637,3594438.6289414465
5638,125378379.48398544
5639,10527652.688710064
5640,1944895.6540897787
5641,79259073.6360532
5642,15203600.20709189
5643,4692097.883516476
5644,444130694.73684365
5645,107302872.67477465
5646,39245342.65228549
5647,26190919.996776037
5648,94242322.83284718
5649,0.0
5650,182633174.93320483
5651,80770425.89444931
5652,0.0
5653,128441910.85318032
5654,154464706.45020464
5655,82943022.68310094
5656,467539800.739344
5657,3884236.245755598
5658,17170259.827822506
5659,28907682.715047017
5660,144819334.39649993
5661,58942427.31496541
5662,254771585.75223964
5663,30274245.61613071
5664,2103973.0898332894
5665,116384920.4692439
5666,46266608.06622943
5667,0.0
5668,0.0
5669,14219827.127163142
5670,484538231.6149071
5671,47178286.833076775
5672,0.0
5673,111550179.01193425
5674,28516693.903031364
5675,39610001.70715086
5676,0.0
5677,90998968.5049868
5678,141023227.97130182
5679,0.0
5680,18713478.04663878
5681,920039251.8534129
5682,0.0
5683,324050209.436256
5684,108067981.62003025
5685,12181755.776929617
5686,3551471.2052248865
5687,74373027.27747272
5688,32717970.078205936
5689,39428179.96370411
5690,22062189.927371822
5691,83612182.49668784
5692,515095300.74838203
5693,37691367.837463796
5694,98325733.55448481
5695,13674088.703778826
5696,83844158.6760231
5697,0.0
5698,43289715.27892324
5699,14496211.624359168
5700,95431424.26655531
5701,4325971.341861695
5702,56678899.2752
5703,81497886.2128932
5704,17141057.893745378
5705,47527853.079893306
5706,0.0
5707,96859194.2466127
5708,0.0
5709,45391771.76988061
5710,4337198.2614984065
5711,95651478.13108686
5712,168496386.44451427
5713,0.0
5714,0.0
5715,16396971.178173766
5716,0.0
5717,38193070.7549717
5718,26294409.51689756
5719,45828697.39081319
5720,19508074.36202757
5721,100248462.46426734
5722,21213029.33393938
5723,96982291.46956803
5724,10379626.663196094
5725,0.0
5726,88707528.86671817
5727,236640184.07851976
5728,39422435.060671344
5729,292102527.11638224
5730,11290849.430391788
5731,0.0
5732,0.0
5733,9598940.79784
5734,51603902.048360825
5735,7580932.723841324
5736,113216765.88427965
5737,95147555.9672043
5738,98489076.13803768
5739,34649744.66623966
5740,46703330.415955484
5741,247869465.0077945
5742,79025379.30046919
5743,20290676.346036896
5744,0.0
5745,15486930.904650807
5746,89523596.65708496
5747,0.0
5748,156061615.27204615
5749,73518230.10226966
5750,76583851.24034868
5751,110578098.93827006
5752,0.0
5753,343925778.2476546
5754,68816364.47027205
5755,131493449.38671248
5756,40520035.50786692
5757,19153328.66052793
5758,0.0
5759,19917051.302378975
5760,0.0
5761,0.0
5762,246375039.72823
5763,120167802.09180863
5764,19343601.302613653
5765,35386431.70927322
5766,69556592.28083788
5767,44603236.907191336
5768,64599543.61843905
5769,204050292.84919968
5770,26631147.579962775
5771,53441009.011294216
5772,33576515.95805708
5773,375300921.43966144
5774,117205313.38840277
5775,49017611.75332202
5776,22686108.570376143
5777,185921607.6715415
5778,158160245.00129673
5779,323532807.4136013
5780,0.0
5781,121248434.23623613
5782,50689267.314322546
5783,69262707.66324666
5784,0.0
5785,100054342.33909887
5786,27629839.67116391
5787,193684087.4819064
5788,0.0
5789,46923670.07945748
5790,137933971.6686678
5791,98232289.1091551
5792,12080069.0838691
5793,22294777.338430315
5794,95560604.33698803
5795,148266179.48066765
5796,12378787.714271158
5797,75178703.51402254
5798,22455.688373938203
5799,254176127.91958958
5800,0.0
5801,54819182.29041021
5802,0.0
5803,0.0
5804,411139337.2803405
5805,23806705.287521303
5806,7875426.043364838
5807,54715116.69749578
5808,60428141.78868909
5809,43851982.08940151
5810,0.0
5811,8147276.000873484
5812,77075349.49260487
5813,113233914.29968618
5814,20106802.88329786
5815,7871908.596385904
5816,8160667.465690017
5817,6445171.999258786
5818,0.0
5819,49951721.14050906
5820,19331572.5056071
5821,0.0
5822,2210917.664915368
5823,74717088.44246331
5824,82568269.44290076
5825,12253217.466207772
5826,0.0
5827,25121457.08278855
5828,317722977.9768509
5829,99267737.42256585
5830,53263824.21517578
5831,94746672.85014668
5832,46667445.037262514
5833,75635000.62516184
5834,4727359.493208781
5835,0.0
5836,98389798.80684903
5837,56994157.35736167
5838,0.0
5839,108901823.55956113
5840,0.0
5841,78796384.42205995
5842,96242084.43244937
5843,0.0
5844,11763209.971257366
5845,0.0
5846,1443381.0248408169
5847,171711532.53333175
5848,63083743.77374673
5849,0.0
5850,47965371.26757343
5851,4371853.6963137835
5852,0.0
5853,74154072.47619228
5854,33475676.09009193
5855,174889129.80692112
5856,19210244.00845158
5857,450068107.703366
5858,0.0
5859,94622266.0361242
5860,141594920.71593383
5861,0.0
5862,16630776.066349357
5863,113480947.6365501
5864,348316421.8538426
5865,34146285.593459725
5866,0.0
5867,6062451.850485295
5868,71161555.49213588
5869,0.0
5870,0.0
5871,147997471.41213202
5872,245481669.62913895
5873,12180727.780254968
5874,1246915.1412231922
5875,106733944.961542
5876,57468262.02986227
5877,0.0
5878,164089824.20818502
5879,0.0
5880,108384835.62322304
5881,119283249.45240638
5882,335793125.7076102
5883,0.0
5884,46952251.860661335
5885,0.0
5886,28493487.47957614
5887,0.0
5888,15035233.226730235
5889,0.0
5890,44620978.27815229
5891,130151394.86597995
5892,29171036.11214774
5893,5369649.056488588
5894,205337830.16278762
5895,10572839.033639438
5896,142439615.19887924
5897,0.0
5898,59833512.233591475
5899,0.0
5900,19130344.31478454
5901,0.0
5902,30197694.573166676
5903,98093984.53406723
5904,86454574.57540879
5905,120814609.44144273
5906,110498624.51774445
5907,5595645.33474493
5908,70399663.30554172
5909,55607710.088589594
5910,110065809.53751576
5911,0.0
5912,396498059.8793819
5913,81751261.64751095
5914,16883045.10811414
5915,18633039.424628243
5916,35125772.36989895
5917,259759475.87746644
5918,59418706.29982337
5919,84552001.07666856
5920,17699091.361706875
5921,78452265.51106298
5922,9134985.347942486
5923,13477822.47413081
5924,32004948.910759367
5925,428849353.6996857
5926,0.0
5927,31100896.587792017
5928,143708381.04676878
5929,5863456.519491829
5930,113018718.93776366
5931,63569404.26829403
5932,7264612.493185386
5933,35836430.59388334
5934,101505216.81865887
5935,254016538.7552678
5936,109498061.69086578
5937,10035039.677612945
5938,8378223.805454247
5939,29486396.679584973
5940,193824071.5631912
5941,29926602.91192735
5942,107139278.3815013
5943,2936999.2366027087
5944,25189857.781605132
5945,5759100.264972076
5946,0.0
5947,0.0
5948,117040063.16478656
5949,4132508.567640394
5950,288291923.22766256
5951,49143106.560908765
5952,1053022.9591652304
5953,111165900.39155075
5954,25940729.693708777
5955,85839940.82019849
5956,121161132.80722034
5957,39741200.61264685
5958,132654591.287471
5959,20536429.527233943
5960,52898199.36564133
5961,16455725.303521372
5962,0.0
5963,29254924.956443563
5964,93313798.5601276
5965,94416151.81203136
5966,24215885.900465198
5967,233128899.6550486
5968,196615534.7426241
5969,80282597.67970784
5970,25119697.286621623
5971,0.0
5972,77267535.76749001
5973,98323568.72128521
5974,0.0
5975,24756333.5819207
5976,0.0
5977,256068.85276266932
5978,988726263.488298
5979,0.0
5980,249245638.28496748
5981,3461093.2390224934
5982,178505553.2186066
5983,0.0
5984,62402097.68859453
5985,132114412.67112729
5986,18036094.755546287
5987,57662457.24111369
5988,56232664.391052336
5989,24759359.30938089
5990,187001276.71737042
5991,0.0
5992,71412810.35651872
5993,65517683.906331114
5994,3913184.0294437855
5995,64633619.58614289
5996,17697622.63918312
5997,31853470.891453445
5998,218202176.62163538
5999,0.0
6000,22359548.838315077
6001,24957107.55296476
6002,0.0
6003,327551482.89231217
6004,32098035.291637003
6005,3711925.134991288
6006,20816710.54836195
6007,0.0
6008,28234374.59532153
6009,107421088.66448781
6010,97073322.67800087
6011,50456576.01205676
6012,27434982.36855726
6013,419602157.41602033
6014,9907144.350201197
6015,20573256.274261266
6016,61518053.324499935
6017,20146931.50884536
6018,11857906.2433988
6019,0.0
6020,0.0
6021,8517448.452392422
6022,30595654.259050652
6023,73724004.17553681
6024,6142511.651378572
6025,24917507.48878319
6026,196476451.59857863
6027,5264131.682705864
6028,213433399.47232962
6029,2209498.583003193
6030,330246860.6233111
6031,73304369.46299478
6032,0.0
6033,40337201.71490848
6034,1297125.2856960297
6035,539815068.435157
6036,0.0
6037,401704.9938364774
6038,0.0
6039,60938730.47769511
6040,32728127.34369442
6041,302018843.33304316
6042,0.0
6043,219619094.5310864
6044,0.0
6045,52880013.62818144
6046,576132.1805078387
6047,9009770.253235899
6048,7129241.037864052
6049,9947448.628345996
6050,0.0
6051,16470697.188102454
6052,74445891.9325177
6053,0.0
6054,7191977.433708005
6055,0.0
6056,54003244.2365909
6057,4493825.341234207
6058,100667724.30651075
6059,181271226.02835554
6060,105176990.12166548
6061,93710595.44334757
6062,1349488.349119991
6063,176315004.4580506
6064,11373003.7946814
6065,96715815.63930957
6066,54098481.716356516
6067,89161154.42483866
6068,0.0
6069,213468697.76887894
6070,167534865.36618203
6071,0.0
6072,39459940.06273122
6073,40312096.35454339
6074,4328862.735551521
6075,10923169.228803232
6076,83353855.99542587
6077,26732439.50798577
6078,107495187.43524191
6079,377545095.9946997
6080,3478564.5036575496
6081,8540349.769984812
6082,9137031.25004749
6083,131618981.68678229
6084,47163218.64851072
6085,58518006.19778763
6086,2713921.46140714
6087,47801927.83898108
6088,9699761.193493068
6089,0.0
6090,348044129.1686795
6091,0.0
6092,22330010.71079257
6093,33501612.296292312
6094,190035818.843947
6095,109459770.43730286
6096,0.0
6097,22636852.78495714
6098,77225038.47174661
6099,49269293.9237151
6100,43411033.78401751
6101,196789398.96980596
6102,100594730.58671504
6103,89955309.298112
6104,0.0
6105,0.0
6106,0.0
6107,0.0
6108,37922573.333901525
6109,26454561.645758532
6110,124298440.70383656
6111,0.0
6112,0.0
6113,27019686.608182527
6114,105500130.2018218
6115,235858752.20999998
6116,0.0
6117,60166510.39519202
6118,97269879.64321299
6119,180561765.06577992
6120,80395750.67269662
6121,0.0
6122,194232025.56060857
6123,16129664.77736716
6124,12883521.723321833
6125,22016797.939094134
6126,15353623.525458224
6127,9700087.767641842
6128,394431111.66027075
6129,60697240.10365662
6130,0.0
6131,0.0
6132,0.0
6133,38420146.046150275
6134,66846864.739060685
6135,59878014.858437106
6136,396145346.7824642
6137,122502233.3364723
6138,17376049.338692084
6139,710978114.9741966
6140,6535321.27868095
6141,35310083.15887049
6142,0.0
6143,11192982.90006794
6144,0.0
6145,29420382.806249075
6146,37971633.02719935
6147,101547326.73667482
6148,49079845.62639326
6149,108828711.10523467
6150,389853858.4140668
6151,0.0
6152,1069922069.3002626
6153,674762.7992045581
6154,0.0
6155,164618761.15684363
6156,12752898.054226488
6157,24267561.15766742
6158,117638231.0370285
6159,18237818.22256297
6160,52452641.92451634
6161,57660479.64230921
6162,5018288.779797584
6163,0.0
6164,11560880.842274815
6165,55427428.161718115
6166,56618492.853214264
6167,29680063.854052283
6168,6182011.982969627
6169,77286846.62699664
6170,13917004.995220393
6171,54904505.279349655
6172,4237631.226703197
6173,33368424.7852251
6174,57429615.87293863
6175,1555791.0163673908
6176,28296580.5176879
6177,87262849.4210905
6178,0.0
6179,204553230.12949926
6180,38414365.59988605
6181,7762780.353906989
6182,273121985.2410063
6183,17529516.123784572
6184,506702642.33123726
6185,22132411.99429451
6186,18778176.012158036
6187,5947698.079004392
6188,41354920.796256535
6189,16253342.041568369
6190,102607792.33029409
6191,7969290.6270364
6192,80527323.09691155
6193,32152800.456106097
6194,0.0
6195,0.0
6196,32765530.745202072
6197,0.0
6198,147329200.68118876
6199,439861700.3763247
6200,0.0
6201,10685316.613856018
6202,155586965.2856219
6203,400063947.1694789
6204,3687110.18550539
6205,0.0
6206,85841952.49120454
6207,88953213.41530082
6208,52036585.99233779
6209,0.0
6210,0.0
6211,65917813.219445854
6212,0.0
6213,120576627.13176155
6214,19332654.70572927
6215,21741154.90411491
6216,47562385.086619854
6217,0.0
6218,23802036.766359083
6219,58621018.33899886
6220,0.0
6221,42845465.34127842
6222,1064687.1028256565
6223,40791216.55216711
6224,39197711.73797093
6225,115982714.72027387
6226,14666174.297739767
6227,0.0
6228,0.0
6229,6285154.198917069
6230,0.0
6231,143854326.76132214
6232,5958947.258203015
6233,233964377.1083687
6234,35881966.35010657
6235,61996217.982648514
6236,36358744.10202483
6237,0.0
6238,0.0
6239,165858086.17857704
6240,143375091.9901176
6241,0.0
6242,3616271.93936491
6243,19753130.237818524
6244,112435701.3705033
6245,24614155.314051375
6246,25077676.783160396
6247,547784434.307711
6248,33133380.970707193
6249,213942.32314573228
6250,78837285.2335105
6251,142132993.2482186
6252,55351586.766167805
6253,30740035.825354755
6254,228702028.9780416
6255,7520584.970987812
6256,32670459.04025022
6257,154234408.53378314
6258,0.0
6259,0.0
6260,0.0
6261,201815847.30906048
6262,27307559.227645442
6263,66773728.61063528
6264,0.0
6265,0.0
6266,3360310.599661514
6267,132418312.340231
6268,0.0
6269,171328711.6454649
6270,194835268.23931217
6271,234291759.47719246
6272,0.0
6273,90192433.42711906
6274,286231482.49134946
6275,27846605.48307568
6276,19960503.86060559
6277,52957499.42201646
6278,32987694.561306983
6279,44141692.984888926
6280,58019198.21210074
6281,21121101.121377736
6282,259301466.52983087
6283,53819899.45644009
6284,192896219.383161
6285,53857360.1812476
6286,0.0
6287,20229881.857446954
6288,260468563.50253677
6289,185733032.09080416
6290,0.0
6291,63254717.14182106
6292,265319374.2306612
6293,226450303.29140198
6294,2154467.810934752
6295,418259194.2306112
6296,20150859.810136557
6297,68189570.14759167
6298,0.0
6299,0.0
6300,142176148.35474002
6301,39085638.880197585
6302,8742321.427526817
6303,20968720.171003327
6304,22586731.71206113
6305,206046826.70931998
6306,57987659.55390203
6307,0.0
6308,7263673.063819788
6309,0.0
6310,71239865.55109194
6311,0.0
6312,0.0
6313,63390525.56587148
6314,62856826.93336107
6315,11648498.681166999
6316,47409693.92523737
6317,195615762.36078244
6318,73594070.54233965
6319,73124907.97800893
6320,0.0
6321,223225230.6662531
6322,43691512.279773444
6323,41827578.61333932
6324,0.0
6325,62134533.1769887
6326,6059700.311091781
6327,31784690.272443794
6328,83798839.17743406
6329,733136.7855968326
6330,0.0
6331,136533282.07196897
6332,6434097.965214647
6333,24765833.910433114
6334,9989751.60600786
6335,54147452.985659115
6336,67801654.65128365
6337,91250826.28292131
6338,0.0
6339,14194018.19820492
6340,0.0
6341,3468675.0841522664
6342,9567961.752059154
6343,72079401.37110224
6344,83941722.41825058
6345,0.0
6346,207253131.8585623
6347,124707184.8228235
6348,24861581.933444366
6349,52834787.407363884
6350,629853.6788389832
6351,194129383.9273103
6352,89614389.05873534
6353,14493355.474373102
6354,16638742.647975318
6355,0.0
6356,7682011.466311634
6357,15246384.799792454
6358,0.0
6359,1984942.9265912473
6360,59497029.7672745
6361,205816401.64769477
6362,17597496.77417338
6363,25476858.1856151
6364,19542611.59551043
6365,192765768.03871703
6366,0.0
6367,0.0
6368,48282102.016241126
6369,0.0
6370,239239342.3899802
6371,27333191.437928215
6372,69122428.92837255
6373,3698417.3144376427
6374,36243619.353136405
6375,213125067.53882146
6376,0.0
6377,7020014.447313711
6378,14045206.65264143
6379,194744996.9881921
6380,0.0
6381,1636139119.562351
6382,95790081.98671979
6383,58463205.746129796
6384,81153707.54478432
6385,0.0
6386,383997142.6051238
6387,22023851.20456902
6388,0.0
6389,265652.37043076754
6390,53216212.78255333
6391,0.0
6392,90812037.920827
6393,183088974.64807335
6394,262935029.75564152
6395,0.0
6396,0.0
6397,0.0
6398,32045846.706237376
6399,3432363.9054820985
6400,11830011.909950882
6401,0.0
6402,18037899.153020635
6403,0.0
6404,42154132.479384065
6405,0.0
6406,0.0
6407,27484871.503906704
6408,105547316.22043946
6409,114751156.5193052
6410,21754108.57965584
6411,0.0
6412,10156878.762682162
6413,82713962.95258678
6414,361129001.77103716
6415,5833590.629417703
6416,19638691.02169969
6417,147470416.49727562
6418,71387813.14987819
6419,5461808.291579202
6420,78746902.20375358
6421,66780209.36419472
6422,0.0
6423,7665266.4692690745
6424,76816040.8044518
6425,53281784.638785645
6426,8910757.583795913
6427,0.0
6428,0.0
6429,70496069.28352803
6430,107192526.11965019
6431,185478463.26377267
6432,160907282.7444034
6433,33822151.78166089
6434,26450295.38601835
6435,69884787.38746434
6436,59442283.33299552
6437,12299012.089114211
6438,32121847.013182983
6439,28559770.882833354
6440,66675220.64764318
6441,15919143.460323647
6442,9171522.32316114
6443,43325479.339773566
6444,0.0
6445,380106241.2831092
6446,235561425.43548316
6447,44430210.57806887
6448,0.0
6449,29510502.590683527
6450,32260249.895006366
6451,16702845.16066552
6452,133432928.4342279
6453,102107312.60987316
6454,42390890.91792598
6455,64893214.904129475
6456,17573385.88748958
6457,175931988.25625825
6458,0.0
6459,0.0
6460,165211742.4976008
6461,116193602.60720614
6462,179182590.0559289
6463,0.0
6464,0.0
6465,4038193.9036155045
6466,0.0
6467,0.0
6468,3528616.7778324187
6469,45881284.46914727
6470,0.0
6471,0.0
6472,18518258.954971045
6473,21863126.904766366
6474,4050630.3120277375
6475,7593322.321396083
6476,323279553.55755645
6477,91311134.55140065
6478,22468632.159527212
6479,288559453.2478136
6480,82644124.99712999
6481,112901831.92854893
6482,0.0
6483,21169443.01676306
6484,213251498.53163445
6485,113808690.34923786
6486,0.0
6487,157262357.1956963
6488,69425179.7107257
6489,0.0
6490,37476533.55931632
6491,17628736.689301103
6492,32330167.00690616
6493,38655391.35127338
6494,203255159.6116675
6495,24296815.749721445
6496,286804732.7824015
6497,278725728.0634395
6498,106406809.19366652
6499,24763467.120673127
6500,0.0
6501,0.0
6502,131872018.50279199
6503,19273484.070456058
6504,42313696.92183639
6505,44688705.14725793
6506,4423150.36972104
6507,2080299.8553806841
6508,111235417.75067016
6509,0.0
6510,2405822.386464581
6511,17508495.86937745
6512,30910910.78940984
6513,36008671.072934665
6514,925371.2409308702
6515,241398451.13718218
6516,55841020.69858427
6517,1265638.3306360543
6518,0.0
6519,43535077.957556896
6520,24420976.47828096
6521,371290639.68418276
6522,60730878.053706475
6523,48592698.92231871
6524,45679018.638980284
6525,60345378.88804586
6526,324661117.18598324
6527,0.0
6528,26920313.547481008
6529,0.0
6530,163868634.46495283
6531,0.0
6532,15602264.624197796
6533,0.0
6534,516989304.2152996
6535,12826111.063631654
6536,38578400.85777876
6537,126393795.75699899
6538,60774418.93663734
6539,246127862.86473322
6540,130355620.81529011
6541,143279084.4139642
6542,37448558.50264044
6543,0.0
6544,41423785.74481195
6545,51704633.418141894
6546,276889393.3522323
6547,0.0
6548,61025000.8698964
6549,96455075.75849135
6550,38601457.739139505
6551,119239015.37303796
6552,41999100.58939915
6553,0.0
6554,59173898.58583919
6555,53482877.82752575
6556,40775419.88535264
6557,16440369.731222041
6558,47235262.109486416
6559,72500440.5889875
6560,243498160.68906903
6561,0.0
6562,127736138.06110322
6563,12416805.282221407
6564,31805083.98261693
6565,34930880.043059915
6566,55605603.41884896
6567,44664580.83832303
6568,48086888.311740436
6569,0.0
6570,85171453.15265381
6571,13725389.111984476
6572,0.0
6573,36825767.22688158
6574,49543537.852358855
6575,8238839.741068691
6576,37370327.22157809
6577,8669161.384322867
6578,123586942.99885298
6579,3463933.4665016234
6580,0.0
6581,60013950.28506416
6582,0.0
6583,7520971.426301435
6584,14316585.854221292
6585,112593175.61154774
6586,77882399.41063263
6587,15365750.741702288
6588,8615354.614404425
6589,80119556.31420518
6590,224014215.31693244
6591,14529371.297923967
6592,181067683.98636258
6593,100612681.31007472
6594,44644997.75110569
6595,176391.04696543515
6596,205143544.53310078
6597,0.0
6598,38516973.647636235
6599,28363332.756855413
6600,8662482.183263242
6601,104561826.80787164
6602,388681480.80622256
6603,70556802.39749789
6604,39435092.50185844
6605,191161737.99738675
6606,0.0
6607,120887398.43877292
6608,0.0
6609,9055092.30623205
6610,22699167.660522252
6611,0.0
6612,354068472.0539653
6613,87138862.43150648
6614,390881148.7956824
6615,2913857.312625751
6616,190504255.2080212
6617,83729021.27207944
6618,59703912.5126528
6619,14737195.59201388
6620,8127380.541739233
6621,18996945.183825746
6622,156785315.71777827
6623,193021487.52937633
6624,172882074.70690796
6625,103114393.67315081
6626,30345988.745036796
6627,35003669.026584506
6628,0.0
6629,16550280.767426625
6630,24531541.010843232
6631,2621184.736551225
6632,0.0
6633,17060581.908189476
6634,32531604.3226317
6635,0.0
6636,200605028.1497623
6637,73211957.77392358
6638,0.0
6639,0.0
6640,22447905.860374615
6641,193709886.12106818
6642,190672237.50026765
6643,0.0
6644,7094373.565193027
6645,83495087.28724629
6646,79982001.84114715
6647,5342177.030013651
6648,44277152.8293286
6649,0.0
6650,279753.8854512125
6651,48793171.46949613
6652,5159444.919534773
6653,55633883.057564765
6654,200497916.1840968
6655,64135947.61355395
6656,7574928.6292983
6657,104521372.82066989
6658,0.0
6659,0.0
6660,0.0
6661,0.0
6662,25893424.10629049
6663,442626822.52550143
6664,0.0
6665,0.0
6666,27429731.30454973
6667,128754204.39400819
6668,38808327.63434612
6669,24713779.96769969
6670,0.0
6671,26292981.921859026
6672,37462807.215823025
6673,112229779.72530676
6674,239729685.40869927
6675,99016119.72503121
6676,0.0
6677,0.0
6678,26079062.36344883
6679,414469738.0816488
6680,49060539.83493583
6681,570959842.6975851
6682,7855952.020200767
6683,33679539.169154845
6684,0.0
6685,15293424.76353848
6686,24970626.429484412
6687,109412350.18529423
6688,64328173.28873651
6689,81132279.51783931
6690,230540295.26671094
6691,1235432.848355487
6692,664583139.7771058
6693,94489992.15012845
6694,84705756.13670662
6695,33352102.743486524
6696,147053481.03464127
6697,12221828.88870985
6698,44824129.45933856
6699,418626735.2448651
6700,248147816.01295954
6701,73720913.36450256
6702,67866677.22897884
6703,24825855.74277994
6704,0.0
6705,53287863.53375271
6706,49342340.21894996
6707,41666740.965801515
6708,13033790.908679985
6709,0.0
6710,106142074.14081538
6711,20127784.19356765
6712,142798599.98959386
6713,0.0
6714,424944.85954757035
6715,0.0
6716,90281999.73096737
6717,342688253.30530727
6718,15358969.65472307
6719,0.0
6720,5568041.941402957
6721,109246147.09908292
6722,0.0
6723,156115712.98253012
6724,42884474.18676841
6725,0.0
6726,120905610.95620933
6727,18339533.79387393
6728,6737999.772403158
6729,54498627.67011051
6730,43265006.11563407
6731,0.0
6732,2884563.4713517725
6733,60488411.47265184
6734,16268233.08363603
6735,142563380.7683164
6736,0.0
6737,0.0
6738,3322480.1613186
6739,7207038.890836552
6740,0.0
6741,8468351.37223678
6742,130765042.85890749
6743,84299885.35988808
6744,10910225.33177612
6745,26200423.31293983
6746,76856973.08474578
6747,2681199.25571914
6748,0.0
6749,1000817.5730574876
6750,0.0
6751,57723411.13516006
6752,164072480.01718137
6753,43949267.374352016
6754,79528673.6427497
6755,1144001.5346940905
6756,186942859.01971078
6757,61821999.05120523
6758,15169550.253227979
6759,144469124.0713989
6760,53060341.88350259
6761,44771668.044204235
6762,0.0
6763,35630174.848691046
6764,0.0
6765,284458635.3383156
6766,0.0
6767,26764240.51296653
6768,144181405.69994026
6769,3368399.5865686983
6770,23022639.792836443
6771,26171057.27387914
6772,29192847.722133704
6773,26429236.07016901
6774,206985969.3570112
6775,359528593.78711796
6776,0.0
6777,27810245.08824884
6778,85689758.75362901
6779,36716307.25945465
6780,80004527.98842601
6781,0.0
6782,139550295.76488775
6783,44759935.818138644
6784,0.0
6785,77346046.97222915
6786,0.0
6787,10363385.543802068
6788,4318392.28813231
6789,0.0
6790,21943457.25247428
6791,65046639.16027888
6792,361207029.93072426
6793,96850347.91421726
6794,19691432.345119953
6795,0.0
6796,544905222.8965137
6797,52094660.18541077
6798,35511741.59728207
6799,0.0
6800,192050691.81118208
6801,328396475.5367094
6802,2663664.646521613
6803,247688764.14163327
6804,0.0
6805,51934979.35839938
6806,19599588.192837983
6807,88059373.4110918
6808,0.0
6809,41902325.277724825
6810,260392.80808897316
6811,53739183.24415616
6812,22619131.95233146
6813,151333947.34368092
6814,12223818.971626617
6815,16553633.994762681
6816,16387738.91671078
6817,0.0
6818,0.0
6819,65699282.49170876
6820,59740448.832339585
6821,32685395.129700027
6822,22191131.788317032
6823,29806711.98916439
6824,215278684.8804916
6825,86456612.91098687
6826,54135823.85315365
6827,0.0
6828,0.0
6829,11772419.795986742
6830,11549118.757057823
6831,58101076.99235897
6832,60532438.46132156
6833,0.0
6834,0.0
6835,123644315.77108172
6836,0.0
6837,192741346.1755249
6838,0.0
6839,16399067.981013276
6840,35379289.279804826
6841,36425891.16626884
6842,22117244.01502186
6843,16055818.374551192
6844,99240220.77452981
6845,30447284.253408976
6846,36560699.716035396
6847,28275265.422086224
6848,32212517.584129274
6849,20265645.021640614
6850,110521918.10594532
6851,123654442.16307092
6852,4257664.71560356
6853,13955478.053859994
6854,34907301.077896744
6855,28735487.173445463
6856,0.0
6857,0.0
6858,16774337.802308396
6859,50958590.83080191
6860,26832214.359911494
6861,80317777.86061445
6862,37063348.29082556
6863,257893953.01871228
6864,17343379.191151842
6865,19381502.41696842
6866,174138618.17705303
6867,32327284.785858333
6868,708651150.6355122
6869,41991401.755522646
6870,0.0
6871,53574732.390571155
6872,0.0
6873,86811988.48781246
6874,49489613.17088787
6875,2283619.913249448
6876,94111995.37224379
6877,40248474.05893181
6878,16046729.361943282
6879,0.0
6880,0.0
6881,5636445.9475185275
6882,234205087.17847013
6883,71884060.16370198
6884,34236802.33056491
6885,16979749.20800499
6886,0.0
6887,42146634.48721414
6888,103592458.6780229
6889,15025127.557472594
6890,21225512.05937349
6891,52058134.35578268
6892,177619494.47899002
6893,229457323.0874704
6894,37843167.65360732
6895,7912179.980216891
6896,3060859.608090073
6897,0.0
6898,40705020.80603461
6899,10254501.283468425
6900,96366084.17111075
6901,65558228.988074824
6902,0.0
6903,81269669.70725717
6904,104576599.949545
6905,62862595.32006587
6906,287533407.5891736
6907,25558000.930919714
6908,6121954.64481397
6909,4682402.878522992
6910,38303952.542109616
6911,17399625.03766731
6912,0.0
6913,540724476.4959265
6914,173874387.49397337
6915,33668643.89974192
6916,13869890.320640862
6917,500864279.98532224
6918,111265868.28796183
6919,29806326.842587374
6920,123507981.16368294
6921,355864853.9130355
6922,21270313.268821575
6923,8300710.57582029
6924,0.0
6925,34216647.3773455
6926,16557825.894269623
6927,0.0
6928,51139765.494556904
6929,128339674.50245938
6930,261288819.2685057
6931,24541754.09649034
6932,0.0
6933,0.0
6934,139684975.14046413
6935,0.0
6936,33488400.58682432
6937,293270180.7084292
6938,0.0
6939,25134906.864632018
6940,74501104.94675834
6941,94164276.43191105
6942,19567826.465911523
6943,1660561.6727317274
6944,129540093.87838584
6945,15255851.479856692
6946,99071255.78694172
6947,1403890.4533310086
6948,16774424.480725057
6949,79627490.58688918
6950,404510415.13950104
6951,0.0
6952,31973081.293230854
6953,24070316.345457375
6954,39782697.6363392
6955,75785707.06128094
6956,3646617.49973692
6957,9777991.263169758
6958,0.0
6959,4126593.436411783
6960,53021001.47700331
6961,29142421.07846427
6962,198878541.95925593
6963,23588046.531644918
6964,49567979.47905199
6965,3442930.1217403114
6966,52913497.069007546
6967,220786862.25499696
6968,0.0
6969,0.0
6970,35999081.13703559
6971,118930054.41532634
6972,0.0
6973,99949420.54871587
6974,77622075.90582848
6975,10315939.596788034
6976,22984244.760532193
6977,0.0
6978,12626478.073323548
6979,77498770.54191336
6980,64403270.935980186
6981,8023720.4612763375
6982,103081560.75186744
6983,0.0
6984,137776977.95547536
6985,337752293.4912876
6986,48679800.854200296
6987,11408016.15405631
6988,13909693.223892353
6989,0.0
6990,414215814.47485757
6991,0.0
6992,3286391.5695660263
6993,0.0
6994,0.0
6995,84773544.57843474
6996,109423494.60343575
6997,0.0
6998,26533511.451796137
6999,145377622.0942685
7000,0.0
7001,922004.8156664371
7002,35693469.08458328
7003,19145084.55785367
7004,71528235.9298188
7005,668794.6367660314
7006,5737383.905589834
7007,30564590.714897484
7008,102270804.66761352
7009,4550575.25262773
7010,33521781.198770456
7011,45978979.01579863
7012,1161701.5435527265
7013,0.0
7014,0.0
7015,237249063.56812972
7016,350759624.79766554
7017,39163987.69269514
7018,14279979.391000114
7019,167173290.3978182
7020,115792688.4513035
7021,37487657.691784814
7022,37043322.9275599
7023,51981502.46991294
7024,37089268.23788522
7025,0.0
7026,249419288.1976115
7027,163286867.25400117
7028,3122955.468243912
7029,41559218.19737778
7030,55425936.23474625
7031,130633641.9436392
7032,17636077.96357435
7033,3475117.080209464
7034,34144353.71398266
7035,9694741.79843469
7036,0.0
7037,9730651.81841316
7038,49755532.99238974
7039,95049460.615818
7040,24277752.355300806
7041,85930219.16748351
7042,115529740.16727528
7043,0.0
7044,85858721.99288955
7045,8711661.028184503
7046,96522537.84550816
7047,230753870.02525717
7048,18761226.799737327
7049,59163063.388097525
7050,0.0
7051,28659822.408690058
7052,80182373.1040527
7053,38337015.82398699
7054,93187598.04647806
7055,116897628.7781265
7056,317855004.87376153
7057,4893181.366466239
7058,3067904.1206636876
7059,45610836.7932615
7060,7357826.165802412
7061,21275224.548467018
7062,48380097.50671746
7063,0.0
7064,116979386.69379044
7065,56676647.94583993
7066,20747575.39002882
7067,0.0
7068,40400585.08731663
7069,20264986.07271184
7070,207003142.10767233
7071,229881290.00164074
7072,0.0
7073,38670382.2498742
7074,15351670.11101082
7075,87688530.06487544
7076,153332030.9018709
7077,34042369.784205824
7078,48103505.209364444
7079,0.0
7080,1387430.9443836063
7081,13060102.786258966
7082,170992.41797301173
7083,0.0
7084,34108360.33093967
7085,27710620.71323905
7086,0.0
7087,214688939.581356
7088,131839127.9297019
7089,11178443.673706084
7090,2878952.3440977484
7091,11756177.785351306
7092,221765614.20960802
7093,9554669.945061237
7094,58141559.89254108
7095,30146502.894751757
7096,23092042.347206652
7097,113857715.51185656
7098,32986892.296077423
7099,75366971.63098316
7100,38728842.2873082
7101,35858841.92104239
7102,0.0
7103,3639248.7527550906
7104,54658731.03160255
7105,71604516.36252035
7106,37998119.7318338
7107,79112843.07374382
7108,0.0
7109,82486426.76521999
7110,0.0
7111,0.0
7112,89858477.65355799
7113,143782018.65558398
7114,25049422.938542128
7115,22810589.43902386
7116,20664719.945616156
7117,0.0
7118,14737254.546296366
7119,50960007.559131905
7120,0.0
7121,49886516.37990541
7122,0.0
7123,0.0
7124,475787800.2251841
7125,158097980.9254731
7126,266016720.7432803
7127,130339466.8826223
7128,3424089.218247995
7129,43483696.25619777
7130,9522937.931176707
7131,37189140.974632196
7132,7163185.260491312
7133,181071141.482913
7134,61212296.841312006
7135,151738068.68432972
7136,62854385.603448994
7137,53926217.15679837
7138,19856808.103295602
7139,0.0
7140,257183332.48536605
7141,0.0
7142,63097534.55746647
7143,23437013.091852784
7144,0.0
7145,78667593.28922383
7146,2319980.011866227
7147,70114663.53320162
7148,45651237.44735108
7149,8252790.137276337
7150,4951384.29230985
7151,11455465.404756889
7152,71878113.81752895
7153,12332554.337711044
7154,60234386.874914
7155,280420334.63634515
7156,44644583.10296169
7157,102834551.2666905
7158,0.0
7159,0.0
7160,2102218.7498217374
7161,91780277.23598728
7162,327146666.8216811
7163,33210058.397527866
7164,0.0
7165,222662559.3583117
7166,37005677.21563148
7167,0.0
7168,0.0
7169,9749137.585470974
7170,15987321.594424114
7171,38127408.774193205
7172,18558591.783933893
7173,0.0
7174,10096656.10366974
7175,0.0
7176,27896087.48735355
7177,162818647.77846843
7178,56718096.97121182
7179,150210955.95143145
7180,0.0
7181,8933350.71676746
7182,107849169.12193185
7183,0.0
7184,710402014.5991321
7185,0.0
7186,48468998.93852687
7187,67402255.48371841
7188,63575932.40743355
7189,18197467.75439754
7190,1877721.5463736355
7191,0.0
7192,52605577.692829594
7193,7212251.742574073
7194,168316069.95502108
7195,50322076.73277758
7196,33771883.78315514
7197,21264029.46023941
7198,8495189.119944938
7199,35462286.42405994
7200,140054866.87338126
7201,5194740.209528208
7202,47546043.205260925
7203,0.0
7204,61898273.70851157
7205,300566164.2893579
7206,105607302.46503556
7207,356629741.6446792
7208,34132002.38971609
7209,44101025.47405503
7210,6191041.850405365
7211,0.0
7212,33595777.74403259
7213,36866118.106162034
7214,213906505.82478446
7215,105058007.46018954
7216,228478367.51728827
7217,0.0
7218,103187422.23002964
7219,43985333.45012188
7220,67513277.9937838
7221,29042416.90916346
7222,11569272.18439877
7223,0.0
7224,0.0
7225,1953639.1944128573
7226,27787276.86432845
7227,127430202.84795725
7228,59611727.05939798
7229,66007895.662317485
7230,6444183.825029455
7231,45133510.65404917
7232,339996022.8163599
7233,145658007.3118279
7234,229520090.3654099
7235,33159973.111169554
7236,110817466.60769245
7237,26955462.49170831
7238,0.0
7239,553698669.1059712
7240,67516484.05180906
7241,172843491.47348034
7242,37042756.50149319
7243,12319989.255324103
7244,35821768.57979443
7245,0.0
7246,0.0
7247,61339857.019777596
7248,74494731.54565856
7249,0.0
7250,0.0
7251,69527212.82124977
7252,9445119.3391307
7253,19793386.00266312
7254,67786659.59103023
7255,0.0
7256,20141754.237784952
7257,37661683.46028819
7258,84374800.41517359
7259,20689613.794798173
7260,0.0
7261,410668237.4915678
7262,0.0
7263,100228561.40471882
7264,20858700.2027419
7265,1186317.3665973544
7266,55084563.45656147
7267,0.0
7268,5683462.838347301
7269,148817998.9129206
7270,324399846.9242804
7271,0.0
7272,10894283.420346618
7273,0.0
7274,0.0
7275,41072993.31305353
7276,0.0
7277,139252906.43474087
7278,220274804.89344627
7279,147151135.10188475
7280,121325271.8903665
7281,61131251.61613089
7282,140267851.97096455
7283,186831335.66405976
7284,0.0
7285,79982851.33160391
7286,131813622.60969692
7287,30376660.818017
7288,0.0
7289,138012833.6448945
7290,33833487.04674537
7291,73493726.74952006
7292,8182198.409793332
7293,12734297.54173904
7294,28195482.274891235
7295,84397737.71261416
7296,0.0
7297,43812694.13896693
7298,18234341.27742534
7299,1488853.5400855094
7300,0.0
7301,59928650.6395619
7302,0.0
7303,0.0
7304,20057168.46925801
7305,0.0
7306,461027685.7416071
7307,0.0
7308,0.0
7309,24935685.14334274
7310,27412392.257279776
7311,11277829.08627659
7312,185090585.73225486
7313,218726376.77259022
7314,13320240.512478784
7315,16646949.352596633
7316,32343023.59538372
7317,16167871.740104504
7318,127672816.10300381
7319,10744233.293756947
7320,149691653.87583393
7321,0.0
7322,7301754.269783236
7323,20662764.645531513
7324,20741932.12171129
7325,335925358.9633479
7326,244734666.8359508
7327,4393601.724967539
7328,106155666.46784283
7329,129307203.77420235
7330,284037738.3812949
7331,135032291.04495737
7332,45314061.014228225
7333,126402673.65462977
7334,24492573.982221678
7335,50832651.18430253
7336,45663262.309745975
7337,0.0
7338,50040335.61173664
7339,73183923.66867468
7340,27912141.72496769
7341,0.0
7342,113529937.0535672
7343,13130929.930280268
7344,0.0
7345,14437900.316364668
7346,28934440.94463598
7347,57832807.129444376
7348,9614855.385757446
7349,171389983.36882257
7350,36368512.67535814
7351,50921468.62490802
7352,0.0
7353,10084714.916726664
7354,1021835.0036358684
7355,74736051.32547061
7356,74380847.27881445
7357,24245852.987432048
7358,17098481.609873936
7359,118138593.28529567
7360,51549711.43199946
7361,0.0
7362,168816618.48087293
7363,554837666.7660568
7364,0.0
7365,78733048.53991076
7366,79742158.74774012
7367,1842003.2104184031
7368,11283365.812511079
7369,44886437.228635624
7370,76227005.23153758
7371,800091.5079967529
7372,153178825.44875157
7373,467083177.28831214
7374,23586412.305288665
7375,85244695.83153678
7376,0.0
7377,44561614.9101242
7378,66511046.57406345
7379,101394223.90569618
7380,41117456.68680784
7381,304132.51596678793
7382,29634964.43536021
7383,0.0
7384,37763116.786914736
7385,39647217.21179927
7386,38427179.187115036
7387,0.0
7388,5535817.822456837
7389,0.0
7390,0.0
7391,0.0
7392,33030888.75778909
7393,453463614.7748167
7394,119903204.85512392
7395,65802527.197101235
7396,59058623.16825818
7397,53577151.687832296
7398,6115926.0015208125
